author_id,average_rating,name,ratings_count,text_reviews_count
604031,3.98,Ronald J. Fields,49,7
626222,4.08,Anita Diamant,546796,28716
10333,3.92,Barbara Hambly,122118,5075
9212,3.68,Jennifer Weiner,888522,36262
149918,3.82,Nigel Pennick,1740,96
3041852,3.89,Alfred J. Church,947,85
215594,4.17,Michael Halberstam,23,6
19158,4.18,Rachel Roberts,13677,486
5807700,3.99,V.L. Locey,3130,986
2983296,3.48,Anton Szandor LaVey,12628,824
40075,3.76,Kenneth Anger,5255,396
37778,3.86,Bernard Knight,7836,616
242185,3.95,Carolyn Haines,42549,2906
27397,4.00,Benjamin Hoff,104975,4231
35259,3.54,Christopher Ross,420,81
3083854,3.84,Tom Wolfe,210744,9732
39054,3.92,Don Piper,71959,3251
11099,3.96,Cecil Murphey,86128,5313
4862,4.29,Randy Alcorn,56585,3992
137561,3.99,Jennifer L. Holm,128152,12146
5411,4.06,Cynthia Rylant,96780,8642
4092328,3.84,Margot Hovley,318,97
75424,4.14,Wayne Kinsey,71,7
1357577,3.66,Francoise Sagan,28688,1889
3389,4.01,Stephen King,10666719,367487
105602,4.10,Edward Herrmann,7201,1916
31308,4.14,Peter Maass,1194,127
50873,3.89,L.J. Smith,919399,30755
232533,3.82,Anne Emmert,436,58
166520,4.50,Christopher Michael McDonough,2,1
166517,4.06,Richard E. Prior,168,17
3958428,4.50,Mark Jackson Stansbury,2,1
3958429,4.50,Mark Stansbury,2,1
6536612,0.0,Zabrina Murray,0,1
15585,4.03,James Russell Lowell,1464,158
5054653,4.05,Lisa Mills,218,37
7326076,4.70,Zhang  Yun,23,15
15104629,3.63,David  Blake,473,66
14425713,3.48,David J. Ashton,200,23
51229,4.25,John  Williams,72020,8761
110982,3.72,Peter Cameron,15208,2172
5768434,4.11,Stefano Tummolini,2133,416
2994299,4.25,mHmd`ly frwGy,4602,284
5360266,4.10,Carrie Ann Ryan,62789,6895
190988,3.56,Margaret Yorke,1813,214
8289606,4.13,Nikki Faye,258,70
1265,4.10,Jane Austen,4693826,127817
8551671,4.11,Lindsey Schussman,9,1
17038441,4.25,Raina Palmatier,4,1
589328,3.87,Larry Shles,31,7
2608283,4.10,Bradley L. Winch,30,7
16667,4.13,Isaac Asimov,1533093,39262
44554,3.89,Scott Brick,82004,9551
1455,3.82,Ernest Hemingway,1619036,56698
1004238,3.97,Will Patton,9202,2620
90411,3.83,Kit Tunstall,8402,1223
14356708,4.10,Kit Fawkes,3136,612
15425909,1.00,Esra Bahadir Cesar,1,1
53167,4.19,H. Kent Baker,43,5
13536229,3.75,Victor Ricciardi,4,1
6475486,4.24,Freddy Jackson Brown,17,4
14856310,4.00,Duncan Gillard,4,2
14253,4.10,Steven C. Hayes,5886,407
100084,3.94,Paula Rabinowitz,1743,184
47231,3.62,Stacey Ballis,13842,1790
3330668,3.77,Jenika Snow,112695,10129
5804912,4.02,Elizabeth Guizzetti,111,80
2787558,3.84,Ira Severin,43,5
834674,3.94,Sean M. Theriault,34,2
17180082,3.50,Queen Rex,4,1
285644,3.46,Ian Botham,413,32
337108,3.44,Margaret Doody,1134,105
4585413,3.29,Rosalia Coci,558,54
1093599,3.40,Beppe Benvenuto,248,33
14843595,4.18,B. Batregzedmaa,82,18
169159,3.85,Mandy Stanley,657,86
4918,3.84,Robert Burleigh,4560,1149
3274315,3.37,Florence Dupre la Tour,62,4
89445,3.71,Terence Conran,946,120
1528477,3.61,Roger Dubern,18,4
106170,3.97,John McGowan,434,30
42820,4.22,Hugh Johnson,1525,89
8070,3.84,Isser Woloch,393,30
650106,3.71,Gregory S. Brown,14,2
15036621,2.50,ndr brhny mrnd,2,3
3258,3.61,Jeremy Black,2082,293
5533990,3.80,Claire Fay,15,4
1493903,3.53,Arun Maira,62,13
5395324,3.96,Melanie Cusick-Jones,172,84
526866,3.92,Neville Astley,3693,269
162140,3.55,Praveen Gupta,73,4
2742419,3.44,Dipak Jain,18,1
7314532,3.87,Sally Green,57920,10328
6217503,3.91,Maya Cross,41075,2289
16073,4.02,Robert Walser,10359,1079
3484503,4.20,Daniele Pantano,91,12
367928,3.96,James Reidel,184,39
1028358,3.77,Reto Sorg,43,3
123715,3.97,Agatha Christie,2559239,115724
552417,3.68,Emilia Fox,1712,422
11593,4.20,Beatrix Potter,336443,5545
15973929,5.00,Harry Deane Willmott,1,1
15079113,4.36,Joan Carney,88,64
1938,4.04,Friedrich Nietzsche,250672,7881
603349,4.00,drywsh ashwry,2403,200
13607545,3.77,Sadegh Hedayat,51537,2762
13658169,3.80,Randall S. Davis,15,10
1533165,3.50,W.J. Burley,1873,231
6938130,4.30,Shay Ray Stevens,125,44
1051586,2.86,Elaine Szewczyk,256,67
169662,3.68,Duncan Rouleau,4329,279
23519,3.46,Joe Casey,8611,832
18119,3.95,Joe Kelly,39295,3099
29688,3.74,Steven T. Seagle,7649,835
5193034,4.09,Tracey Garvis-Graves,88486,11505
5346805,3.66,Serena Lauzi,591,126
146147,3.88,M. Ageyev,1540,109
37450,4.06,Ed Brubaker,233336,12304
6601585,4.53,Spike Brown,15,3
618935,3.46,Gerald L. Gutek,178,12
14771610,3.87,mHmd Th,23,3
7083555,3.85,John  Langan,24550,2528
41194,3.88,Judith Tarr,29656,1251
16209952,4.05,Jason Delgado,19,8
853385,3.87,Chris  Martin,758,70
3111153,3.63,Catherine McKenzie,41739,5182
6462472,3.68,Amy Raby,3698,384
6480066,4.23,Lisa Clark O'Neill,3353,388
16272,3.84,Michel Faber,174393,12749
2313236,4.00,Leslie Gent,1,1
293603,4.12,Heather Brewer,127881,8949
9343,3.61,Kate Mosse,83451,7464
410348,3.48,Kathleen Bryan,752,98
207766,3.87,Thomas F. Monteleone,14096,979
7034616,4.24,Byron Goines,42,25
7205180,3.46,Mei Bei Er,82,12
5166301,3.44,ehmyepye``r,80,11
3482882,3.69,esiiywefinghling,1349,196
14425920,3.95,Chance Carter,13035,3361
5031025,3.98,Anton Chekhov,190472,10600
7066263,3.75,Wakoh Honna,1382,56
8444911,3.76,Honna Wakou (Ben Ming  wakou),1275,51
51308,4.08,Bill Guggenheim,737,50
51307,4.08,Judy Guggenheim,734,48
241450,3.58,Rebecca Mead,4176,894
20185,3.95,Mike   Evans,686,78
1540277,3.89,Katia Novet Saint-Lot,45,17
526216,3.77,Dimitrea Tokunbo,86,40
8354390,4.00,InLoveWithARockStar,1,1
4577517,4.27,Jonathan Ashley,41,18
7355144,3.70,J.S. Wilder,1290,221
81563,3.89,Jerry Siegel,5425,629
89537,3.94,Joe Shuster,3266,396
2953781,3.89,Andrew  Grey,65157,7637
14241994,4.83,Giuseppe Badaracco,24,6
4018722,3.89,Beth Revis,195664,21208
1015982,3.62,Yuu Asami,128,7
5806527,3.70,Andres Vidal,149,34
22458,4.10,Machado de Assis,41668,1510
422353,3.78,`bdllh khwthry,4236,560
1916427,3.72,Blake Charlton,9427,974
78057,3.69,Gunnar Kopperud,64,15
843200,4.01,Oliver Sacks,255736,14257
5819662,3.52,Jesper Ersgard,112,23
617249,3.98,Gregory L. Norris,1804,381
5474715,4.32,Elise Desaulniers,118,21
12577,4.00,Douglas Preston,590043,34835
11091,4.00,Lincoln Child,571889,31945
4738706,3.25,Micky Livingston,8,2
6564404,4.02,'bw  dhr lqlmwny,212,34
635213,3.30,Feridun Zaimoglu,398,35
335695,3.81,Jeff Mann,2197,511
7810887,3.75,Julian Davis,4,1
14965,4.19,Garth Ennis,377440,11103
3188368,3.58,Tomas Aira,231,32
131836,3.81,Keith Burns,1742,103
7507599,4.19,Matt Martin,57,10
24594,3.54,Mike Wolfer,2915,205
5757470,3.88,Steven Luna,858,176
4349351,3.92,Jeremy D. Brooks,545,131
13195,3.85,Marion Dane Bauer,24137,2578
30853,4.29,Stan Tekiela,2312,229
6868661,3.84,Adam Rakunas,451,127
14155472,3.72,Simon Spurrier,12378,1278
8224446,3.44,Fernando Heinz,108,12
1251983,3.45,Rafael Ortiz,423,46
5808419,3.73,DigiKore Studios,409,28
4346284,3.75,Jaymes Reed,332,64
1202800,3.96,Jacob Appel,820,99
4492199,3.69,Elena Cantoni,1139,182
2742909,3.76,'krm rD,955,120
8258,3.92,Martin Cruz Smith,91438,4375
4391289,4.38,Jeon Geuk-Jin,9517,213
6537142,3.51,Rebecca Podos,1493,369
4973079,4.34,Cali,126,34
3377500,3.46,Andrea Tezumo,13,3
51646,4.01,Joseph E. Persico,7327,549
2736959,4.07,Cia Leah,2978,195
16996479,3.12,N Gray,8,7
714123,3.36,Mary Elsie Robertson,22,4
7265977,4.00,Piers Platt,2849,242
6466154,4.15,Kahlil Gibran,232111,12491
2978217,4.06,jmyl jbr,126,16
5873266,3.00,Ralph Peduto,1,1
3037628,4.42,Gregory Gerard,53,17
4529674,3.97,Rue Volley,5828,1283
370361,4.13,Patrick Ness,454626,64810
2760047,3.56,Merri Vik,1369,41
4589095,3.46,A.-M. Helminen,255,9
11315,3.93,Evelyn Waugh,158312,8618
7151691,2.66,Justin Kairo,97,9
6761385,3.89,Vipin Behari Goyal,220,92
71251,4.01,Diane Davis White,308,36
182281,4.28,Vincent VI Warren,32,8
445601,3.77,Gail Feichtinger,412,75
209811,3.78,Gary Waller,398,71
445600,3.78,John DeSanto,390,70
4459027,3.75,Michel Bonnefoy,8,4
4383146,4.00,Dennis Milam Bensie,51,18
1521399,3.53,Aaron Council,32,3
7992537,3.35,Michael Petch,26,3
1241765,3.46,Edward Long,26,3
12020074,3.91,Kate Rudolph,2146,385
7323,3.72,Charles Reasoner,1516,314
3039530,3.84,Marina Le Ray,371,98
1102395,3.47,Meg Waite Clayton,16912,3174
2776840,3.43,Abdullah Harahap,161,48
8164,4.06,Lewis Carroll,1022402,24057
777644,3.91,Roberto Gervaso,546,36
36346,4.04,Jennifer Donnelly,143792,17170
5137697,4.10,Cathryn Hein,1141,203
13501628,3.97,A.J. Coonley,95,62
19697,3.79,Robin Cook,257355,8444
7872218,2.47,J.P. Cuenca,19,7
88746,4.13,Elizabeth Lowe,621,51
7792315,3.95,Leila Lacey,1044,190
172490,3.90,Jim C. Hines,42461,5213
2490272,3.80,Carol Monda,1203,285
48516,3.92,David Handler,6854,741
15441,3.95,Bob Woodward,73037,3513
7872217,3.20,bwb wwdwrd,5,3
12935,3.88,Shannon Drake,17573,1045
7362076,4.66,Claire  Smith,32,18
17854,4.01,Bertrand Russell,91674,4357
3112114,4.15,Alexey Pehov,11019,448
667143,4.07,Christiane Pohlmann,6461,219
3029755,3.62,Oren Harman,421,60
15203920,4.54,Blair Merrin,559,162
25108,3.99,P.J. Tracy,30991,2920
2339869,3.92,Buck Schirner,1789,291
7414637,3.79,Kazumasa Hirai,1450,46
18540,4.17,T.S. Eliot,189956,5892
248155,4.20,Errol Le Cain,570,73
5344544,3.53,Pablo Rumel,34,5
32119,3.70,Richard Wilson,1142,105
23113,3.92,John Brunner,50219,2468
6979307,3.30,D.M.J. Aurini,63,13
6553943,4.12,Venice Kennedy,16,5
3137322,4.17,Fyodor Dostoyevsky,1052406,42613
69892,4.10,Constance Garnett,170554,8280
5576046,3.44,Moussa Konate,72,11
4669632,3.15,Ondina Granato,13,6
7204031,3.48,Ji Qiu,181,33
5622158,3.48,cchiichiw,181,33
4037407,3.97,phrikh`m,2539,326
523138,3.41,Janet Ruth Young,1153,259
3420,4.07,Elizabeth Enright,30738,1716
1045743,4.26,Iain McGilchrist,999,116
26899,3.77,Edward Marston,13366,1510
13730,3.68,R.L. Stine,670491,30300
570512,3.51,Desmond Barry,202,28
854076,3.84,Robert Louis Stevenson,834908,24362
539783,3.93,Debra Coleman Jeter,81,18
11058226,4.03,Cassie-Ann L. Miller,1752,293
263567,3.82,Marie Harte,38801,3227
474995,2.86,Frank Cain,7,1
6179571,3.22,Jp Jones,9,3
3354,3.95,Haruki Murakami,1588319,114375
2943855,3.51,Kat Menschik,4599,634
3217205,3.80,Jacques Westerhoven,5006,493
15165816,3.14,Riley Forrest,59,16
4741032,3.16,P.L. Roberts,43,8
15265828,2.97,Rachel Menage,33,6
386083,3.76,Dover Publications Inc.,1980,70
5649650,3.50,Victor Raysman,2,1
38569,4.25,Andrzej Sapkowski,229661,8638
3255974,3.73,Douglas  Smith,1655,250
10848928,3.88,Kelley Harvey,3187,615
2784066,3.91,mHmwd `wD,1230,194
639570,4.05,Jean-Francois Revel,1564,145
3194718,3.97,Diarmid Cammell,172,26
18791,3.86,Guy de Maupassant,90449,4662
415236,3.40,Kirsty White,30,3
12855,4.10,Neil deGrasse Tyson,56667,5315
17045,3.93,Wendy Cheyette Lewison,1808,302
7059622,4.00,Ilsa Madden-Mills,62243,7598
7516813,3.89,Amber A. Bardan,3115,903
4750,3.92,Emile Zola,102884,5537
31107,3.96,Diana Preston,3239,420
127562,3.75,Kader Abdolah,10639,862
243000,3.75,Jerry MacGregor,106,21
24945,4.13,Keri Wyatt Kent,559,147
10885,3.82,Edgar Rice Burroughs,220737,11255
169992,3.81,JoAnna Carl,18686,1482
777491,4.13,Helen Henderson,62,18
5358028,3.47,nbyl lwq bbwy,19,3
8929891,3.00,R.T. Stroud,1,1
104544,4.04,Meir Shalev,6436,704
7151511,4.27,Oto Havrila,142,29
12504,4.09,Karin Slaughter,519631,34838
26957,4.21,Gerald Durrell,57133,3453
3238619,3.95,Julia Kent,65089,6426
2926031,3.78,Tanya Eby,3979,885
238787,4.19,Philip Van Doren Stern,1972,191
4697205,4.12,James Dunwoody Bulloch,8,3
70026,4.10,Scott Snyder,249636,16774
5752063,3.82,Scott Tuft,3616,299
3376756,4.01,Attila Futaki,25476,1810
8583486,4.18,Greg Guilhaumond,334,21
14308759,4.90,Nicole Rollender,21,8
2952441,3.69,Chris Quinton,2478,652
608923,4.37,Andrzej Bobkowski,155,12
669810,4.21,Jeaniene Frost,737170,39561
411899,4.53,Thomas S. Monson,3826,543
5815821,5.00,Todd Warren,3,2
5815822,5.00,Dale Cameron,3,2
6948888,4.16,Laura J. Marshall,728,134
214232,3.72,David Anthony Durham,19736,1566
441879,3.85,Montserrat Gurgui,149,17
13757,3.96,Lisa Jackson,204851,12557
25707,3.82,Francisco Umbral,1172,99
8328712,4.06,Laura  Ward,5800,1027
7218946,4.17,Christine Manzari,1747,549
15613826,3.96,Iris Morland,1178,302
44415,4.17,Tom Spanbauer,4615,645
26086,3.54,Juan Antonio Cebrian,532,32
5815823,3.39,MobiPoki,220,7
33200,3.94,Henri Troyat,6880,444
2785768,3.88,Rajiv Dogra,84,8
12599442,2.97,Ashlee Beaunoir,30,6
596418,3.94,Andy Cutbill,1259,175
165280,3.90,Russell Ayto,3849,643
5834730,3.87,Irene Preston,1070,362
5609664,4.00,Liv Rancourt,1214,432
4996195,3.67,Filippo Maria Caggiani,3,2
7912913,3.91,Maggie Pill,2174,275
5830804,3.33,Neil Laughton,18,3
331237,3.81,Joan Moore,31,4
1321218,3.65,Allie Boniface,2397,380
2008604,4.14,Daniel Parkins,14,3
612167,3.76,Sarah Kuhn,3263,819
240201,3.77,Penelope Rowlands,1474,194
13850345,3.87,Casey Lawrence,99,49
5937986,3.07,Frank Montgomery,71,8
11032481,4.18,Christina Bergling,240,76
945626,3.53,Mary Fox,70,10
2027516,3.34,Lars Maehle,250,22
17597,4.01,Lori Foster,282599,16298
241835,3.60,Charles Munch,5,2
15901580,5.00,Uner Birkan,1,1
7963547,3.88,Marian Snowe,531,76
15584446,4.75,Robbie Cheadle,57,42
15584447,4.75,Michael Cheadle,51,37
10366,4.09,Clive Barker,437966,15933
13763012,4.13,Annette Mori,424,124
573917,2.37,Cuca Canals,463,44
2931413,3.67,Alan Nebelthau,114,35
3975855,4.35,A.M. Myers,815,377
8431890,3.96,Liat Rotner,177,7
5831650,3.97,lyt rvtnr,167,8
3178510,4.39,Mary Jo Nickum,44,14
33981,3.79,Fiona Buckley,6213,580
4982062,4.26,Benina,405,19
10657,4.04,Enid Blyton,527063,11723
9791177,4.29,Geoff Le Pard,34,23
2614,4.11,Lora Leigh,519377,20252
72467,3.64,Marianne Fredriksson,9464,715
138150,3.35,Misha Defonseca,613,71
14214539,2.56,Heli Kalliolevo,9,4
1124726,3.62,E.C.R. Lorac,98,39
7984711,4.15,J. New,354,114
13301543,3.50,Nirbed Roy,4,1
16211999,3.50,Shubhraneel Ghosh,2,1
7987749,3.74,Ian Coates,70,11
274290,4.10,Lauren St. John,14236,1460
51211,4.13,Donald M. Nicol,189,26
14814041,4.50,Efe Kurtluoglu,4,2
11563,4.25,Joseph Brodsky,8029,513
14182642,3.37,Emre Aganoglu,100,7
1629655,3.67,Joyce Nicholson,21,8
7271075,4.10,Ken Adelman,174,25
20560,3.95,Sheri S. Tepper,56437,3126
6455200,3.83,Lee Strauss,9426,1290
5227552,3.85,Elle Strauss,9143,1097
61231,4.02,Scott Beatty,18313,893
4980321,3.80,Daniel Indro,766,122
5372204,3.63,Tamara Morgan,2087,540
294649,4.40,Naoki Urasawa,93306,3190
150591,3.67,Carol Allan,27,4
187837,3.54,Julie Johnston,804,135
1533577,3.00,Eustaquio Gomes,6,1
150589,3.82,Maryse Holder,28,7
7171651,4.06,Selma Yampolsky,16,4
7171652,3.91,Edith Jones,23,5
150588,3.87,Kate Millett,3695,175
6150407,3.16,Hanna van der Steen,25,5
150590,4.24,Don Paulson,17,3
117045,4.03,Roger Simpson,30,4
681236,3.43,Mira W.,7100,518
2988946,4.00,Sophia Blackwell,51,16
2982821,3.80,Amy Gash,187,21
3080,4.19,Judith Viorst,171577,4799
6548452,3.80,Debbie Cairo,5,1
17250134,0.0,Academy Imprints,0,1
2798287,3.00,Marcianne Blevis,14,2
6548455,3.25,Isil Aydin,8,1
179571,4.37,Ross Halfin,450,25
7085209,2.86,slsl@ nwdr jH ll'Tfl,633,178
4352250,3.97,Susan Kilbride,59,18
6469571,4.00,Julia Sykes,19395,2274
2905297,3.82,Lauren Kate,907978,43579
1144378,3.73,Justine Eyre,7549,1870
3112090,3.96,Lydia Dare,13767,1102
4999210,3.84,Kristin Flynn,152,40
6562436,3.79,Gloria Ng,640,86
6037253,4.25,Kristen Graser,8,4
6037254,4.25,Katie Damota,8,4
6037255,4.25,Susanna Murray Highsmith,8,4
7325890,4.33,Dea Mendoza,6,4
7325891,4.33,Peggy Nederlof,6,4
7325892,4.33,Jenn Sepulveda,6,4
7325893,4.33,Louise Wen,6,4
1289084,3.92,Eileen Kennedy,13,4
5467969,4.00,Portia Lee,13,5
7325894,4.25,Sasha YungJu Lee,8,4
7325895,4.25,Bingo Marasigan,8,4
7325896,4.25,Marlette Marasigan,8,4
7325897,4.60,Michelle McIntyre,20,7
3370705,4.29,Anna Melman,7,5
964805,3.48,Christian Ingrao,86,14
13700617,4.64,Sheila Baranoski,14,5
4093537,3.63,Ethan Stone,4011,902
868285,4.30,Adolfo Mattiello,10,1
788262,3.93,Judith Evans,15,3
7946358,4.12,Cy Cylkowski,8,1
11912,3.99,Jude Watson,192378,5176
2942853,4.07,aekwekaa,1305,134
181217,3.72,Barbara Frank,141,21
93069,3.49,Rich Tommaso,1545,225
21609,3.80,Max Brand,8940,651
5124208,3.82,Missouri Dalton,1743,355
1602351,3.92,Billy Cowie,40,9
4864634,3.78,C.J. Redwine,47373,5682
8291021,4.29,Helio Angotti Neto,14,8
21911,3.83,Melissa de la Cruz,558518,27662
1263751,3.66,mHmd `mr@,9234,1703
16096319,2.00,Fernando Krapp,1,1
5769518,2.71,Hope Adams,14,3
5618667,4.11,Beth Alvarez,19,11
5327972,3.46,A. Lopez Jr.,1362,162
17740,3.82,Ben Counter,16978,717
7315500,4.21,Rivi Jacks,616,114
99142,3.64,Kelly James-Enger,714,92
27847,4.03,Lisa Kleypas,709314,43078
616144,3.98,Nicole Conn,315,34
791996,4.28,Maki Minami,56914,900
14046158,4.13,Reet Tine,23,4
6952482,4.30,Brantwijn Serrah,444,210
327237,3.98,Joel Miller,184,44
188564,3.59,Rick Jarow,145,28
7581,4.09,Kelley Armstrong,1056467,54355
5669,3.64,Leslie Kelly,20519,1676
3399621,3.52,Angie Smibert,1202,259
7807,4.04,Paul Bishop,616,122
117366,3.98,Keigo Higashino,45284,6164
3088831,3.88,Dong Ye Gui Wu,2439,167
4371642,3.83,Wang Yun Jie,1369,133
281810,4.08,Jojo Moyes,1301030,122314
8363,4.16,Stuart McLean,8666,800
68284,3.86,Jim Bakker,176,23
27644,4.02,Ken Abraham,11106,1248
15050617,4.50,Jhankar Mahbub,22,3
4381377,3.72,C. Aubrey Hall,147,37
10991,4.03,Stanislaw Lem,106639,5326
487600,3.86,Bill Johnston,4233,469
4302324,3.57,Alessandro Juliani,2598,416
622116,4.15,Bob Walker,260,35
484376,3.79,Jose Eduardo Agualusa,6534,762
485820,3.95,Lee Lynch,617,79
2753523,3.75,C.W. Standiford,16,1
58102,3.78,Peter  Edwards,439,71
512651,3.75,Seno Gumira Ajidarma,14563,1747
3408036,3.47,Gregory Harris,664,149
3413928,3.86,Sloan Parker,10119,1482
3404508,4.00,Mohammed Kilani,4,2
773054,3.89,John H. McGlynn,426,82
3408315,2.71,Adila Suwarmo,7,2
513828,3.87,Tawny Weber,17397,2630
125272,4.27,Janice Ross,225,129
13696122,4.19,Luis P. Gatmaitan,1251,75
4878381,4.28,Beth Parrocha-Doctolero,658,29
620300,3.65,Mike Austin,2385,432
12940,3.75,Elmore Leonard,162241,10954
2383,3.99,Gillian Flynn,2510390,190099
8794,3.88,Charles Stross,184596,12261
6572837,3.97,Rachel Bach,21565,2646
5769580,3.86,Abdul Rahman Munif,21419,3549
1173254,3.72,Mick Ukleja,174,14
1228573,3.97,Margaret Blake,125,16
35931,3.73,Noah Adams,1687,254
6959452,3.49,National Public Radio,2886,551
5163699,3.95,Anna Skaidrite Gailite,170,16
1026791,3.86,Carrie Brownstein,20346,2301
333151,3.77,Nido R. Qubein,113,22
4500872,3.94,Ryan Loveless,5619,933
4383946,4.84,Glenn Lyvers,178,8
201334,4.18,Danny White,700,39
223845,3.84,Molly O'Keefe,22013,4923
21748,4.28,Ilona Andrews,790575,52034
5709381,3.74,Becky Masterman,5688,1241
26897,4.22,Anne Bishop,294482,18763
7012461,4.33,Isadora Katz,3,1
6470635,4.12,Kit Rocha,42597,5596
30946,4.27,Ravi Ravindra,215,21
16096144,4.26,404 Ink,550,147
5806077,3.95,Laura Lam,5503,1332
16379856,4.27,Ren Aldridge,492,110
16379857,4.27,Nadine Aisha Jassat,491,110
16379858,4.27,Sasha De Buyl-Pisco,492,110
16379859,4.27,Elise Hines,492,110
16379860,4.27,Alice Tarbuck,492,110
16379861,4.27,Jonatha Kottler,493,110
15060575,4.26,Chitra Ramaswamy,518,120
6887875,4.27,Christina Neuwirth,494,110
544753,4.27,Belle Owen,493,111
16379862,4.27,Zeba Talkhani,493,110
16379863,4.27,Katie Muriel,492,110
16379864,4.27,Joelle A. Owusu,492,110
4678519,3.95,Kaite Welsh,958,227
16379866,4.27,Claire L. Heuchan,492,110
16379867,4.27,Jen McGregor,492,110
16379868,4.27,Mel Reeve,490,110
16195401,4.27,Sim Bajwa,491,110
16379869,4.27,Becca Inglis,492,110
16379870,4.27,Rowan C. Clarke,492,110
16424737,4.27,Kristy Diaz,490,110
796,3.46,Sandra Lee,2925,375
63011,3.79,Lytton Strachey,3506,271
1394820,3.93,Hsn `bdllh,90,22
6869276,4.23,Takashi   Murakami,2263,478
7359735,3.80,Cun Shang Chong,5,1
6384773,3.93,Asma,15,2
2752928,3.90,Tessa Dare,155835,16201
71096,3.60,Paula Gosling,689,58
26090,3.84,William  Kennedy,18956,985
52813,3.69,Charlotte Elkins,5142,493
157986,3.81,Aaron Elkins,22560,1795
2565,3.74,Ian Fleming,232196,12749
8993,4.08,O. Henry,120633,3729
24781,3.87,Dan Slott,61621,4727
79136,4.01,Andrea DiVito,15536,659
169661,3.81,Kieron Dwyer,9573,658
104926,3.94,Lorraine Heath,97397,8095
7246093,4.19,Nashoda Rose,58295,5989
35007,4.04,William Horwood,11300,718
257093,4.02,Antonia Michaelis,8723,1594
4722094,4.07,Jonathan Auxier,18645,3211
5408549,3.90,Johnny B. Truant,24049,3008
155273,4.10,Patrick Benson,18352,1213
638156,4.19,Liz Murray,14661,1982
4635513,3.79,Frauke Brodd,72,16
14004,3.79,William Sleator,23556,2296
5553612,2.68,Ann Monticone,72,30
1023510,4.14,R.A. Salvatore,677940,12956
4940813,4.11,Bogac Erkan,602,38
2568433,3.94,Lisa Greenwald,12802,1215
3843,3.98,Kenneth Grahame,151009,4846
4483155,3.75,Larry Borstein,4,1
13932352,3.25,Jessica Bingman,12,3
5288663,3.72,Ephe Tsirone,1245,226
61173,3.72,Kathy Hepinstall,9822,1677
13561,3.87,Mark Salzman,11679,1419
311098,4.36,Katsura Hoshino,79168,1116
6474348,4.37,Pierce Brown,290915,31899
4132657,4.08,Tim Gerard Reynolds,7796,1453
4749058,4.10,Sergei Tarmashev,1422,85
3251728,3.91,Victoria Scott,25730,4911
61168,3.79,Piero Chiara,5396,281
468915,3.81,Serge Bloch,4172,843
35507,3.88,Eric Ethan,83,16
4006336,2.00,Cameras in Action Staff,2,2
2983829,4.14,Anna Hackett,20183,2859
222111,3.82,Marc Harshman,410,95
4112701,3.63,Barbara Garrison,129,34
910810,4.31,Jennifer St. Clair,112,21
5087605,3.86,Alexandra Marinina,4642,166
6991433,3.90,Jurgis Gimberis,231,15
1937943,4.03,J. Nelson Kraybill,70,16
3283233,3.57,Rick Johnston,7,2
86452,4.18,Angus Fletcher,6013,206
54622,3.98,N.C. Wyeth,8950,587
736431,3.49,Kate Proctor,154,27
5171777,2.94,Jay DiNitto,16,11
3344231,3.94,Matt DeBenedictis,18,9
196767,3.06,Katrina Britt,294,49
226710,3.46,Alison Pollet,456,57
206495,3.23,Sally Wentworth,3118,467
68900,4.02,Debra Webb,29375,2896
30748,3.87,Margery Allingham,39056,2661
12772,4.15,Warren Ellis,344307,14731
12771,4.28,Darick Robertson,157674,4099
5158478,4.15,Anonymous,1070234,55952
14529,4.13,Yuki Shimizu,9177,274
15176377,4.10,Zhi Shui yuki,1226,47
5989065,4.00,Corey Adams,12,5
130617,3.86,Usamaru Furuya,2951,256
4798562,3.87,Caitlin R. Kiernan,72120,6767
2767108,4.12,Richard A. Kirk,938,103
54544,3.90,Deborah Kogan Ray,1281,348
14859335,4.08,Janae Keyes,499,245
1935000,4.14,Elle Kennedy,342009,35406
838721,4.12,Kenneth Dodson,88,12
2737,4.34,Max Lucado,221801,10317
16839,3.96,James Thurber,34511,3544
291815,3.71,Patricia McLinn,18613,1380
15661,3.63,Minister Faust,1580,252
86277,3.72,Michael T. Klare,1069,106
4951964,4.18,Shelly Crane,155764,8895
4381074,4.04,Darren Humphries,1650,183
13681001,4.31,A.M.H. Johnson,13,12
8396171,3.62,Paola Grimaldi,21,8
5339130,3.82,Skye Warren,73185,9329
695820,3.95,Catherine Kean,4967,386
590726,3.46,Esteban Valentino,460,43
2531685,4.02,Nick Pirog,12530,1475
7032108,4.13,Alexis  Hall,13872,3533
4601173,3.96,Catherine Cate Coblentz,140,27
20575,4.01,Daniel Pinkwater,19041,2677
5364942,3.76,Sean-Paul Thomas,389,165
14040019,3.14,Flora A. Gallert,88,25
38631,3.86,Gordon R. Dickson,45174,1493
14212213,4.06,Dana   Lyons,72,27
6505161,4.00,Ronny Miron,1,1
3310808,4.27,Colleen Carroll Campbell,1847,241
2966342,3.76,Michela Murgia,3433,447
1242951,3.67,Ali Saleem,3,1
172003,4.10,Irvin S. Cobb,1715,121
1919189,4.00,Bob Bergin,58,16
20010,3.66,Andy Collins,5384,132
16207,3.89,Skip Williams,17297,196
50802,3.91,James Wyatt,13676,489
25492,3.92,Nikki Grimes,16920,3380
2731811,4.06,Kirstyn McDermott,620,170
113328,4.06,Elizabeth Jane Howard,14757,1518
5316545,3.95,Manuela Francescon,1515,274
7084,3.72,Karl Marx,125978,5112
7033847,4.32,Nail Satligan,19,4
15098044,4.00,Stacey Alabaster,3369,643
2934796,3.85,Kasper Hauser,408,85
179182,3.48,Robert Baedeker,392,74
179179,3.85,Dan Klein,433,90
179180,3.85,John Reichmuth,360,76
179181,3.85,James Reichmuth,360,76
14688785,1.00,twr `lm khlyl 'myn~,1,1
3370827,4.58,Brenda Tetreault,236,110
14172227,4.50,mZhr lwys,4,1
5784316,3.43,Trq `bd lHlym,30,7
6471068,3.10,hny lsb`y,39,15
7171813,3.91,'bw qtd@ lflsTyny,11,3
14172229,4.50,'bw mry@ lqHTny,4,1
14172327,4.50,'bw l`bs lshmy,4,1
8421046,3.97,Meredith O'Reilly,706,110
13994785,3.74,T.J. Shortt,38,11
34765,4.02,Mark Frost,30381,3176
3413185,3.99,Tim Weaver,9645,1232
2733338,3.88,David Bauckham,33,19
16686958,3.43,Nelly Grant,7,1
17015,3.94,P.C. Cast,1859975,54650
17010,3.93,Kristin Cast,1765605,49768
2387518,3.66,Edwina Wren,1113,281
2874334,3.65,Therese Walsh,2588,589
332941,3.83,Gayle Eden,1073,73
193436,3.74,W. Curtis Preston,99,8
6378,4.13,Hans Christian Andersen,258513,7478
571183,4.09,Michael Redgrave,86,17
3347387,3.70,Geoffrey Neil,693,114
8715,3.66,Maureen Child,26412,1978
4109302,3.94,Diane  Adams,8404,1178
1218314,3.33,The Barbi Twins,3,1
22475,3.75,John McNally,2583,488
7340907,4.46,Sui Ishida,120315,3687
594436,3.58,Nigel Fairs,945,131
194961,4.03,Robert Frager,971,67
6904638,4.17,Hmd shmlw,31588,1515
330649,3.95,Dean Lorey,7421,608
8409236,3.50,Agneta Malmborg,2,2
4716240,4.16,Aija M. Butler,98,36
6566847,4.50,Thornne Xaiviannt,4,3
570218,4.18,Dalai Lama XIV,179842,9141
3486415,3.95,Amanda Hocking,388249,27640
4397603,3.86,Natalie Palmer,6921,320
569269,3.98,Jay Asher,633597,52416
2930346,3.91,Judy Christie,7530,761
178000,3.69,Albertine Sarrazin,935,105
15016585,3.67,Tarik Alemdar,3,1
2654606,3.60,Kitty Thomas,37728,4087
165172,3.94,William Marshall,860,95
340148,4.15,Debby Giusti,1635,260
7170883,3.00,Leando Franca,1,1
2918731,3.73,Aliette de Bodard,15983,3129
106843,3.84,G.A. Henty,18375,856
6547911,3.74,Yangsze Choo,14336,2546
1580,4.03,Humphrey Carpenter,17046,703
4134859,4.26,Jessica Shirvington,69650,6315
2347982,3.87,Rebecca Macauley,471,164
4441913,3.80,Lecia Cornwall,3612,856
13848246,3.75,Tito Martinez,4,2
1415302,3.45,Sarah Mallory,1270,226
16465599,4.33,Samuel Nygard,6,2
3706,4.02,George Orwell,4453770,95836
1194,4.00,Richard Dawkins,472422,17797
1193527,3.87,Ruth Strother,166,48
4019418,3.93,Sharon M. Johnston,100,64
2919056,3.80,Leigh Russell,6311,660
159041,3.86,Tara Bennett-Goleman,877,102
4344473,3.33,zhr@ `mr,15,5
251128,3.27,Susanne McCarthy,405,58
30697,4.01,August Kubizek,213,25
215034,4.10,Geoffrey Brooks,1053,78
30702,4.22,Ian Kershaw,16034,940
30691,3.17,Adolf Hitler,25896,2426
130541,3.68,Bob Shaw,4332,370
25205,3.49,Gordon Dahlquist,10439,1473
876403,3.26,Anna Jansson,4330,434
5146047,3.29,Sirkka-Liisa Sjoblom,655,81
15451907,4.18,Mihir Desai,212,38
1776528,4.01,Patti Digh,2851,232
1428675,3.84,Beth Fantaskey,59233,5262
181070,3.95,Walter Scheidel,221,34
99117,3.79,Sarah Beth Durst,36598,5525
14865445,4.13,Emily Bain Murphy,1246,367
4112015,3.91,Jerdine Nolen,2492,460
15451909,3.22,Michelle  Henninger,9,1
8015953,4.50,City Lights Historical Library,6,1
4741881,3.81,Donna White Glaser,2976,360
7145403,3.48,Kayla Lords,1880,149
39464,3.76,Monica Ferris,25685,2220
3009736,3.97,S.J. Frost,14313,1856
51289,3.43,James Lincoln Collier,16010,1989
141619,3.54,Lee Lorenz,775,110
5011219,4.63,K.C. Sprayberry,176,65
7529792,3.95,Salinas Press,310,19
97184,3.60,Massimo Carlotto,5346,783
14874556,3.73,Greg  Jenner,765,98
13684594,3.97,Matthew Lloyd Davies,289,129
198684,4.08,Olivier Zunz,252,33
619932,3.49,gly trqy,4046,337
2572,4.10,Rumer Godden,19166,2229
15207082,4.34,Claire Luana,378,167
41495,3.84,Romain Rolland,7490,464
2532316,3.60,mHmd mjlsy,423,65
3112956,3.49,mSTfy khml pwrtrb,308,21
1049088,3.65,Stewart Alsop,85,23
6536006,3.56,John        Baker,116,30
45317,4.23,Allan Ahlberg,44985,2470
5340891,4.36,Kichiku Neko,4039,469
5340892,4.36,TogaQ,3959,456
7224524,4.36,Guilt Pleasure,4004,454
6426133,3.66,E.E. Ottoman,1247,342
4039443,3.92,Jon   Gibbs,13,2
2924831,3.80,Jerrica Knight-Catania,6564,584
762361,3.89,Brett Williams,275,90
14166772,3.87,May Sage,16069,2178
7248681,4.30,Kevin Trout,30,7
38550,4.37,Brandon Sanderson,2062308,135990
263660,3.96,Aliyah Burke,11131,874
3001335,3.84,Susan Santangelo,2892,272
2770657,2.83,Stefan Spies,12,2
33919,3.69,Jeff VanderMeer,147402,18293
4671437,3.47,Einari Aaltonen,1362,156
3459410,4.33,Genevieve Scholl,389,185
4419420,3.68,Ines de La Fressange,2765,228
21155,3.99,Susan Wiggs,153837,11050
86098,4.05,Clarice Lispector,26735,2222
16985998,5.00,Aracy Balabanian,1,1
776431,3.16,Mark Inglis,58,8
3080840,4.10,Henry P. Bowie,21,3
8685,4.00,Mercedes Lackey,810564,22944
8368791,3.76,Claire  Adams,18328,1043
576434,3.37,Darrel Hess,121,8
11291359,3.61,Dennis G. Tasa,683,53
1284643,3.92,Moony Witcher,5243,112
5339078,3.74,Ilaria Matteini,325,7
14261974,4.38,Nathan Perl-Rosenthal,8,2
156642,3.71,Brian Murphy,1189,165
156644,3.89,Vesta Sarkhosh Curtis,158,25
156645,3.33,Anna David,1849,270
97671,3.53,Alexandre Jardin,4344,195
1214192,4.06,Ingrid Monchy,18,2
16598876,3.44,Ana Meyling,9,3
5080,4.04,Mary Alice Monroe,74947,7134
40983,3.75,Elizabeth Hand,30458,3955
110984,3.97,Bayard Taylor,2064,99
285217,3.79,Johann Wolfgang von Goethe,157535,5873
5414173,3.81,Vahur Kersna,224,19
147736,3.86,Chris Matthews,7324,762
834211,3.31,Penelope Stone,55,12
13901,4.25,Richard Scarry,119425,2239
3370555,3.85,Annabel Joseph,37495,3453
274512,3.38,David Shipley,381,100
274511,3.81,Will Schwalbe,43705,7441
734698,4.12,M. Quraish Shihab,3945,339
808263,5.00,James A. Kimple,2,1
7303102,3.79,Lesley L. Smith,122,102
5352392,3.91,Lisa Blackwood,3945,470
8759,3.75,Julian Fellowes,31007,4321
5048266,3.91,Halvor Kristiansen,56,7
2993356,4.28,Helen Hardt,38199,3561
193655,4.44,Thomas Watson,3060,364
14878027,4.50,J. L. Raimundo,2,2
178235,3.85,Tanya Anne Crosby,17784,1538
14237723,4.00,Irene Wieser & Nina Waitz,5,3
13465671,3.55,Nicole Fox,1456,223
67970,4.01,Cynthia Weber,110,18
103961,4.01,Albert J. Raboteau,360,30
1020792,4.28,Antoine de Saint-Exupery,911558,27166
354559,4.17,Eugenio de Andrade,828,86
5138534,4.31,Joana Morais Varela,123,10
4128,3.76,J.M. Coetzee,170316,12883
8619977,3.50,Arabella Kurtz,211,33
84823,3.97,James L. Halperin,1672,163
5821280,3.95,Mari Farthing,37,19
5821270,4.00,Lena Brown,44,22
4807115,3.59,Heather Dearly,94,26
368111,3.69,Kelly Parra,553,113
4459021,4.13,Jenny Peterson,79,37
6430546,3.98,Aaron   Smith,186,45
198444,4.12,Nicholas A. Brawer,16,2
3977902,4.12,Jero Phillips,16,2
15486288,2.60,Massimo Romagnoli,5,1
325185,4.07,Sydney E. Ahlstrom,147,22
23125,3.82,David D. Hall,473,66
609422,3.77,Shelley Rotner,1384,419
892,3.91,David A. White,266,38
335856,4.24,Ellen Shire,34,11
516921,4.33,Gloria E. Anzaldua,15549,576
4562483,4.12,Sylvain Reynard,272804,15403
320332,4.17,Sandra N. Elbaum,159,15
967397,3.69,Dorothy Bukantz,13,3
163,3.74,Marguerite Duras,50771,3509
2936530,3.47,Tereza Coelho,119,11
3116117,4.13,Elizabeth Loraine,2262,268
156503,4.01,Bruce Fife,2513,272
151388,4.19,Russell L. Blaylock,595,74
17200611,4.17,Brian Elstak,6,2
5245154,3.33,Karin Amatmoekrim,395,46
5775630,3.66,Savanna Fox,939,155
16026530,4.89,Sadie K. Frazier,9,1
1506,4.17,Elisabeth Kubler-Ross,31806,1198
647438,4.01,Andrea Hirata,69690,6820
5435058,3.86,Cody  Walker,160,27
518734,3.94,Timothy Callahan,674,76
5364295,3.96,Ean Moody,92,13
492992,4.05,Julian Darius,1076,165
380673,3.69,A. David Lewis,355,68
3077559,3.95,Patrick Meaney,423,41
4151460,3.85,Chad Nevett,239,26
4775981,3.91,Ross Payton,223,31
15392,3.94,Peter Sanderson,48841,1359
5364294,3.99,Caleb Stokes,150,14
5364293,4.08,Kevin Thurman,259,29
186643,3.85,Frank Fiore,68,11
556176,2.61,Sandi Gelles-Cole,23,6
13487635,4.54,Brooke May,222,145
11957,4.09,James Scott Bell,21912,2405
50071,4.03,Bohumil Hrabal,26264,2145
6864148,5.00,Susan Harris O'Connor,12,2
5829362,4.40,Diane Rene Christian,136,30
7420298,4.60,Mei-Mei Akwai Ellerman,45,9
227429,3.73,Serge Brussolo,6319,288
55791,4.17,Florencia Bonelli,14559,1279
12695,3.91,Christina Dodd,126354,6551
4538804,4.68,Chantal Bellehumeur,207,113
35422,3.70,Edward Packard,7722,604
8442032,4.07,Melissa  Jane,1414,384
2853833,3.72,Eric Cherry,113,10
5347217,3.33,Jennifer Bach,6,1
5347218,3.33,Amy Brost,6,1
42275,3.72,Judith Mitchell,2432,100
52432,3.69,Stanley G. Payne,545,79
15024396,4.80,Toni Cox,25,9
7214107,4.00,Tessy Rawlins,354,21
4524500,4.21,Celso Cukierkorn,164,21
1244,4.05,Mark Twain,4087862,73268
2779162,2.86,Martijn J. Adelmund,103,22
7133378,3.97,Alexis Noelle,8567,2140
254202,3.77,Roger Alan Skipper,87,21
5831332,3.53,Oystein Runde,129,19
7519603,3.70,Ida Neverdahl,20,2
6579126,3.84,Pip Ballantine,13865,1687
460870,3.87,Tee Morris,15859,1817
5206280,3.56,Frode Eie Larsen,64,11
1856577,3.81,Anna Brzezinska,1413,48
404567,4.27,Rice Broocks,1394,140
2864316,4.56,Laura Story,1132,197
8145659,4.03,Dale Partridge,648,72
3261733,4.05,Blake Mycoskie,7786,821
4043,4.02,Wilbur Smith,191498,7107
8559303,2.33,syrws khwpl,3,1
801962,3.55,Melissa Wyatt,368,74
4518555,3.46,Harvard Health Publications,71,9
150037,3.78,Ward Just,5885,678
4052252,3.92,Marissa Farrar,6835,1327
7417657,4.23,Cook's Illustrated Magazine,31181,832
45429,4.01,Jeffrey Brown,69611,6916
72043,3.76,John D. Barrow,5475,467
61625,3.52,Frank J. Tipler,683,91
1461,3.67,Gustave Flaubert,226017,9706
127738,3.56,Alexis Stamatis,953,67
202258,3.73,David Connolly,317,38
2047242,3.76,Stephani Hecht,58909,4048
61099,4.00,Paul Greenberg,5056,590
114626,3.72,Christopher Lane,2769,526
161054,3.68,Hakan Nesser,41155,3153
6458644,3.96,Eva K'neva,1202,159
13260036,3.95,Salil Jha,40,16
137386,3.78,Vicki Pettersson,52887,3464
58013,3.65,Johanna Sinisalo,8289,1023
623602,3.55,Herbert Lomas,2501,378
1880316,3.74,Sharon Ashwood,5646,567
44540,3.85,Jan Burke,19492,1578
46782,4.23,Juliette Morillot,228,22
5822041,4.24,Eduardo Galeano,30778,3121
7379968,3.52,M.P. Cooley,844,183
5784640,3.95,Marlayna Glynn,2081,263
673768,3.90,Homer W. Sykes,40,7
721481,3.91,Elisabeth Waters,30534,821
980713,3.47,Annie Burrows,3268,486
8293670,3.75,Sekji Ani,12,5
4829338,3.59,Charles River Editors,22367,2296
14106216,3.67,Selina Coffey,1704,480
174946,3.61,Jack Goldstein,6209,276
6206,3.90,Jenny Nimmo,165124,5202
7722,3.94,Louise Borden,3279,729
289245,3.91,Robert Andrew Parker,14163,869
7195,4.06,John Boyne,437743,28600
5862584,3.86,Ivan Repila,396,91
6259,4.04,Kay Hooper,155831,6083
73435,4.00,Maxine Chernoff,315,41
13490770,4.04,Ivy Smoak,4445,632
5080042,3.91,Brandon Shire,4457,1108
6693826,4.12,Seth Andrews,949,106
5820186,3.51,Brandon R. Luffman,131,41
373526,4.01,Elisa Springer,115,11
5827833,4.03,Kristina Knight,1588,367
2864598,3.62,Debra Glass,1719,188
1245772,3.23,Herman Koch,130391,17987
8523581,3.31,Kees Hulst,13,3
347654,4.05,Adian Husaini,935,149
5194,3.80,Michael Crichton,1999836,45701
40573,3.97,Frank  Muller,9000,1204
8106692,4.24,Adam Dreece,624,311
118424,3.83,Paul Kendall,82,10
7085769,3.90,Brie McGill,48,20
6429866,3.91,Brandy Nacole,336,197
4191,3.83,Emily Bronte,1046247,27743
3114377,3.99,Emili Bronte,430,19
865,4.18,Robert Greene,83254,4888
12331,4.18,Joost Elffers,53352,3122
4882127,4.12,Rachel Van Dyken,269026,27757
7302191,3.76,Shea Norwood,58,29
1441,4.03,Ted Dekker,360209,21402
4028753,3.75,Jan Steemers,366,55
22543,4.00,Meredith Ann Pierce,25210,1276
5139621,4.71,Dave  Moore,31,16
565621,3.42,John A. Andrews,245,36
870,3.80,Holly Lisle,22830,1304
344352,3.94,Kim Wilkins,5602,627
5137727,3.77,Julia Hughes,560,142
1654,4.14,Terry Pratchett,3267646,106290
2785687,3.98,Piotr W. Cholewa,12700,353
31227,3.83,Kayla Perrin,9363,982
175979,3.94,Alan Dundes,1711,130
7020049,3.85,Francesco Bertolino,55,1
15058478,4.05,Jacque Stevens,180,135
4610,4.15,John Sandford,665039,32142
250363,4.24,Antonia Barber,2020,186
45642,3.94,Meilo So,4271,1083
6965675,3.52,Katelyn Skye,1749,161
358318,3.82,Linda S. Budd,62,8
738091,4.27,P.J. Lynch,19776,1380
8445092,3.98,T.M. Mendes,1742,134
13557729,4.13,Daniel Abraham,167102,9238
346732,4.37,George R.R. Martin,4277240,164622
14653917,4.09,Michael Forcier,11,4
30195,4.10,Mario Benedetti,32727,2535
41000,3.67,Barbara Knox,60,17
104702,3.45,Don L. Curry,232,37
8118587,3.52,April  Andrews,1879,221
1425903,4.16,Andre Dubus,8796,735
29185,4.01,Sarah Kane,9476,624
64497,3.77,John August,374,35
15503315,2.00,Gerard Lelarge,2,1
15503316,2.75,Jean-Claude Biver,4,1
2448,4.21,Arthur Conan Doyle,1424024,43173
73182,3.36,Deborah Copaken Kogan,7250,1209
159,3.63,Henry James,273349,15654
921548,3.96,Leon Edel,927,98
4119242,3.38,Andrew  Grant,1988,415
5407382,4.22,Christopher  Wood,346,23
46393,4.10,Roland Allen,423,54
415549,3.69,Cyrille Offermans,64,15
13275,4.02,Charles Bukowski,444272,18513
13296,3.94,Todd Davis,200,18
13295,3.86,Marc Frey,88,10
828228,2.89,Barry Wells,9,3
7128,3.96,Jodi Picoult,2963318,176259
880695,3.81,H.G. Wells,787462,24695
8509911,4.06,Ray   Green,83,14
7016896,4.39,Ruth Whenham,69,25
7016898,4.65,Emma K.L. Hunt,23,10
240576,3.93,Danya Ruttenberg,430,71
656983,4.31,J.R.R. Tolkien,6424927,96666
703849,4.09,rD `lyzdh,1044,136
7248274,3.72,Liv Bennett,10610,799
5297,4.13,John Muir,11398,966
348174,4.08,Judith Draper,248,25
188424,4.21,Debby Sly,120,13
335510,4.08,Sarah Muir,106,12
547708,3.50,Dennis E. Bolen,38,4
1217665,3.78,Hannah Moskowitz,19809,4034
7506055,3.38,Kat Helgeson,1817,610
9845097,3.64,Chad Evercroft,266,27
4837368,3.96,Robin  Murphy,147,45
4574836,3.99,Fuuko Minami,229,22
4574828,3.91,Erii Misono,271,30
31234,3.95,Len Deighton,63021,1928
1330292,3.97,Maggie Stiefvater,1144302,108829
2860116,4.32,Maria do Carmo Figueira,3111,198
53283,4.13,Scott Kelby,14372,875
21706,4.00,Jeffrey Scheuer,19,3
17059,4.12,Lynsay Sands,445073,19242
5696316,3.76,Swfy 'bw Tlb,51,5
233619,4.22,Marcel Proust,78519,5926
4458949,2.78,Vasile Savin,69,4
6886477,4.24,T.A. White,2004,122
3170434,3.81,Missy Martine,838,96
70670,4.23,Peter Darman,2556,123
3370,3.72,Geneen Roth,18224,2146
13388,4.00,Shirley Jackson,244025,19260
3954869,3.95,Paula Kuffer Dinerstein,64,15
21700,3.91,Matt Weinstein,172,32
21699,4.08,Luke Barber,117,25
21702,3.98,Barbara Bottner,4492,841
26181,4.18,Peggy Rathmann,68723,2806
21701,3.88,Mari Mancusi,44780,3508
21705,3.80,Rick Tramonto,283,38
21704,3.85,Mary Goodbody,694,78
75038,4.15,Tim Turner,1180,67
6551449,4.16,Tara Laskowski,538,144
8341231,4.39,Kristen Luciani,1247,821
726739,4.30,Sean Kissane,27,3
26359,4.13,Leonora Carrington,4241,463
67834,3.77,Neil Bartlett,1448,151
14404,3.77,Samuel Hynes,3394,305
133890,3.82,Janet Tashjian,12110,1623
3211011,3.92,Jake Tashjian,6589,913
277189,4.00,David Rosenfelt,53202,6433
2901559,4.41,Jun Mochizuki,75063,1712
1411091,4.33,Tomo Kimura,581968,9956
60913,3.96,Eula Biss,10848,1491
16521642,3.50,Elizabeth  Wolfe,14,2
65977,4.09,Stan Lynde,172,31
269130,3.58,Stephen May,851,149
7788171,3.30,Eliza Robertson,261,80
10182,4.12,Mike Mignola,248885,10151
197005,3.97,John Arcudi,29437,2284
4615365,4.02,Tyler Crook,11002,1210
18833,4.03,Dave Stewart,213024,11429
63770,4.17,Duncan Fegredo,21113,1306
17303138,4.15,Dave   Johnson,66233,2963
14563732,3.50,Khristina Phragkeskake,2,1
12937,4.04,Brenda Novak,87977,10777
14318702,3.94,Monique Makena,53,27
108907,4.09,Deborah Challinor,4025,337
4554320,4.50,Nancy McCormick Rambusch,2,1
6976762,3.45,Paul          Smith,243,33
4430,4.23,Sherrilyn Kenyon,1272781,57209
473481,3.82,Holter Graham,6082,1488
7207291,4.40,Courtney Miller,15,7
143971,3.94,Peter H. Selby,181,10
136558,3.72,Maggie Hyde,569,59
3979348,3.70,Michael McGuiness,159,20
848452,3.41,slmn hrty,56,14
14555,4.33,Clayborne Carson,13974,610
143970,4.57,Peter Holloran,268,30
2942393,3.97,Keith David,46347,847
691354,4.44,Jay Gregory,243,40
3020190,3.98,Giannes Ioannides,64,11
3400717,4.31,J.D. Greear,4270,515
847789,4.32,Timothy J. Keller,125125,9450
36120,3.47,Heidi Julavits,12167,1989
6252,4.16,Robert Jordan,1809448,40973
41180,3.89,Joachim Korber,7848,404
1943477,4.45,Kathryn Stockett,1638936,78754
795116,3.70,Laura Beck,1790,207
656415,3.89,Franz Magnis-Suseno,1136,107
2400529,4.13,Sokari Ekine,23,1
5740703,3.71,Nathan Eagle,31,5
2853809,3.99,Joyce Wan,3095,652
142160,3.83,Angela Thirkell,8121,1078
38951,4.02,John Connolly,179327,17318
14511283,5.00,Sheryl Hames Torrres,1,1
13554,4.03,Carolyn Brown,125716,7590
6991727,3.85,Dana Drabova,13,2
7579616,3.75,Jiri Drahos,12,2
17045137,3.00,Vladimir Teplan,1,1
17045138,3.00,Julius Lukes,1,1
9872245,3.00,Helena Illnerova,1,1
17045139,3.00,Graciela Chichilniski,1,1
457894,3.63,Elizabeth Waite,291,33
1270347,4.62,A. Sanders,8,3
71956,3.85,Javier Marias,25927,3063
24758,3.73,Margaret Jull Costa,385440,21842
592389,4.41,Gray Jacobik,129,26
818508,3.92,Elaine Cantrell,265,121
83354,3.88,Gail Gaymer Martin,3396,505
12424,3.92,Brian Michael Bendis,354528,20616
14613,3.89,Stuart Immonen,66122,4550
93103,3.55,Brandon Peterson,11393,1005
8196089,4.21,Alora Kate,1150,407
390509,4.11,John Allison,30618,3666
14676997,4.15,Max Sarin,16286,1662
6582688,3.87,R.C. O'Leary,98,28
296961,3.82,Paul Auster,249894,17815
4406238,4.23,Jadwiga Maurizio,97,15
5096033,2.69,Roberto Valencia,32,2
2923898,3.89,V.P. Malik,410,28
1731936,3.87,Tara West,6531,993
59972,3.49,Kate White,32043,3595
9226,3.88,William Gibson,480152,18555
7893815,4.07,slm `md,124,31
91382,3.79,M.L. Rhodes,15709,1206
8214,3.94,Andrew Gross,250243,11599
531738,3.46,Amanda Young,8312,917
1367814,3.21,Koen Setyawan,212,85
5179,4.19,Winston Graham,56925,4693
176488,4.13,Stephen Sinatra,1923,275
2085,3.97,Martin Zucker,1010,141
3510123,4.18,James C.  Roberts,139,16
65335,4.19,Michael Buckley,183916,9777
29553,3.83,Fran Manushkin,3755,646
68285,3.70,Maaike Bakker,27,5
746416,4.10,V.A. Howard,48,5
5824672,4.05,J.H. Barton,40,4
16085061,3.57,Piper Page,153,49
6574808,3.74,Sharlay,3565,348
6587469,3.52,Ari Harper,25,16
1271914,3.75,Boris Filan,408,17
199983,3.88,Murray Edelman,132,10
16150709,4.31,Milan Watson,58,32
12942,3.86,Judy Blume,753386,31074
8188216,3.77,Heloise West,200,120
75055,4.15,Mahmoud Darwish,40849,4712
17108664,4.14,mHmwd drwysh,38536,4434
16283208,3.86,nfys@ khshyfty,14,5
19879,3.38,Stephen Crane,126921,4610
7992531,2.75,'ndrw lyky,4,2
5831854,4.08,J.L. Weil,20449,1272
6923824,3.80,Amalie Laulund Trudso,110,12
1161372,3.96,John Joseph Adams,59280,4672
20295,3.82,Stephen Baxter,187278,14128
377417,3.79,Vandana Singh,5856,956
908868,3.80,Paul Melko,2675,351
24902,3.77,Kelly Link,109166,15088
25376,3.84,Ian McDonald,35085,4412
2917033,3.90,Simon McCaffery,1209,135
2951127,3.75,E. Catherine Tobler,4522,1017
51204,4.00,Alastair Reynolds,191847,10944
874602,4.03,Ursula K. Le Guin,700499,34740
2283303,3.84,David Barr Kirtley,14822,958
5373338,3.78,Mercurio D. Rivera,947,146
8988,3.83,Carrie Vaughn,243675,18806
121364,3.86,Tim Pratt,28981,2970
57814,3.81,Robert Reed,23440,2746
338705,3.96,Catherynne M. Valente,104240,17040
3001246,3.85,Yoon Ha Lee,15196,2688
589,4.07,Orson Scott Card,2189973,93559
4632660,3.81,Christie Yant,2521,380
2860219,4.03,Seanan McGuire,238626,27137
4338,3.87,Robert Silverberg,158450,9606
3036291,4.01,Ross E. Lockhart,6055,620
142270,3.67,Lev Grossman,313037,33512
14454,3.82,Michael Swanwick,62295,6028
22645,3.74,Gregory Benford,58797,3335
49624,3.86,William Alexander,944,158
27841,3.78,Pat Cadigan,40334,3847
3524,3.69,Joyce Carol Oates,309732,27607
4396277,3.68,John R. Fultz,2494,386
396164,4.13,Deborah Clarke,38,16
6875729,4.08,Helen Harper,68728,3605
74416,3.73,Mike Allen,2390,379
6557385,3.67,Sue Rovens,18,11
4141543,3.54,S.L. Armstrong,3597,762
6428553,3.63,Kristen Pavka,219,70
6524785,3.56,Alina Ray,54,20
5285453,3.27,Azalea Moone,889,213
4180276,3.55,K. Piet,2955,609
6454423,3.75,Tali Spencer,1806,480
807152,2.97,Jimmy Lee Shreeve,69,13
142683,3.83,Gary Watson,149,9
24183,3.99,Morgan Llywelyn,26761,1520
27100,4.03,Michael Scott,404916,19392
6765,4.13,Virginia Woolf,2725563,63422
25791,3.88,Mark Hussey,5119,425
344505,3.83,Bonnie Kime Scott,1222,122
28115,4.15,M.H. Abrams,16740,520
4194881,3.97,Stephen Greenblatt,46780,3661
326496,4.10,James Simpson,5974,229
302521,4.10,Alfred David,6417,255
5806041,4.13,Kathleen Ball,10629,882
4476934,4.24,Jennifer L. Armentrout,1388218,122465
6521131,4.02,Cassia Leo,109782,10284
4893411,4.02,Penelope King,6146,545
339874,4.11,Josie Litton,6933,830
206097,3.91,Judith McCoy Miller,28694,2293
6001,3.90,Carolyn Keene,536508,15216
133538,4.25,Christopher McDougall,129546,12385
25545,3.95,Oriana Fallaci,20379,1480
13702745,3.81,Cassandra Chandler,162,54
2455595,3.30,Samantha Peale,257,53
76241,3.85,Cesare Pavese,14278,824
16171754,4.38,lrhb syrfym lbrmwsy,13,2
5124235,4.25,Lexi Blake,129624,9249
14421409,3.93,Samantha M.,259,55
4197122,3.44,Helen Ljungmark,782,97
4722301,3.61,Mary Tillworth,1442,140
13843009,3.80,Niki Foley,91,6
4182577,4.19,Tracey Jane Jackson,7577,1211
4181099,4.07,Piper Davenport,7398,1276
61485,3.96,John Butler,3111,601
248045,3.44,Phyllis Zimbler Miller,417,82
4271950,3.47,Mitchell R. Miller,59,13
10178,3.92,Marv Wolfman,38780,2269
1425345,3.94,George Perez,86868,4260
4422307,3.00,Maralyn Orbison Gillespie,2,1
1199849,3.48,Carey Wallace,1788,467
3142910,3.51,Nicole Green,631,92
14046452,5.00,Brad Lange,1,1
509126,3.64,Anne B. Ragde,5456,349
191735,3.80,James Anderson,25028,1881
39206,3.44,Kate Jennings,488,78
4722647,4.14,Marilyn Baron,263,101
14557047,2.55,Lewis  Turner,11,3
72305,3.71,Carol Ellis,4836,239
628281,5.00,Henry L. Marchand,2,1
7055681,3.68,Gholam-Ali Haddad-Adel,31,8
15422617,3.68,Glm `ly Hdd `dl,31,8
5377656,3.61,`bd lrHmn l`lwy,33,8
4030095,3.81,Lily  Grace,766,155
183264,3.52,Frank Huyler,646,114
3780,3.97,James Patterson,4717668,222666
4587477,3.48,Cecile Boyer,180,56
9987,3.89,Philippa Gregory,1215550,64506
4410033,3.98,Sarah Woodbury,22478,1546
5186348,3.84,Arabella Wyatt,45,13
4149205,4.57,Hannah Andronic,7,4
5764529,2.83,`ly qndyl,24,7
4874418,3.94,Pierdomenico Baccalario,17566,1221
4515886,3.97,Bozena Fabiani,1350,28
285730,3.81,Gordon Van Gelder,2283,494
48885,3.78,Kate Wilhelm,35657,3213
257412,3.82,Matthew Hughes,17776,2317
333027,3.78,Matthew Johnson,657,89
52752,3.91,Rachel Pollack,5924,633
452559,3.76,Albert E. Cowdrey,3118,432
108548,3.88,Eleanor Arnason,4567,608
19305,3.77,Jeffrey Ford,53896,6155
4833294,3.70,Michaele Jordan,141,44
2917920,4.03,Ken Liu,94398,14235
238333,3.59,Helen Zahavi,579,85
2898500,3.53,Barbro Lagergren,386,23
97136,3.82,Duane Swierczynski,48719,4366
5052169,3.69,Nelson Daniel,2599,266
8436137,3.44,Shane Pierce,43,6
26738,3.87,Cheyenne McCray,58291,3585
15298003,3.00,s`yd ldywh jy,2,1
486348,4.50,Mark Wilkerson,1117,89
14243187,4.49,Phil  Donahue,43,10
1054408,3.64,Erhan Bener,285,47
2906082,4.02,Lars Brownworth,4566,535
6567626,4.43,Kohei Horikoshi,19424,793
10785266,4.47,Ku Yue Geng Ping,14502,338
1774448,4.11,Jaroslav Hasek,12587,710
5752282,3.70,Grete Reiner,20,1
4353973,3.31,Len Barcousky,36,8
92243,4.05,Andrew E. Masich,277,38
7221185,3.60,Pedro Santiago,5,1
7221186,3.60,Dizzi Akibah,5,1
8194109,4.15,John McBrewster,16731,801
2940867,4.14,Frederic P.  Miller,17650,835
2940868,4.15,Agnes F. Vandome,16738,800
3319233,4.43,Phil Knight,36590,2947
3130410,4.09,Shaun David Hutchinson,23209,4760
745566,4.07,Suzuki Tanaka,2454,120
2728589,3.97,Chris Kyle,86998,7355
4998149,3.98,Scott McEwen,86552,7283
2988,3.96,Jim DeFelice,102679,8192
4038401,3.89,John Pruden,2233,431
997204,3.97,Carlos Perez Casas,36,21
15058312,4.16,Hot Dudes Reading,245,86
261865,4.29,Annette Langen,789,83
654218,3.24,Frauke Bahr,42,15
7069686,4.20,Erik Schubach,10389,685
3008079,3.36,Utah State Historical Society,14,5
3120437,3.89,Anne Orchard,9,4
6475427,3.97,Roger Wiens,97,21
5151420,3.67,Michael Langlois,1051,104
3237086,3.92,Sheryl Lee,203,28
61162,3.73,Nancy Carlson,4224,792
5350866,3.80,Regan Summers,248,89
640759,3.78,Theun de Vries,388,33
454351,3.55,Leila Schneps,200,22
6475426,3.53,Coralie Colmez,189,21
6568302,4.10,Heidi McLaughlin,102128,9972
7799,3.42,Nathaniel Hawthorne,664311,17314
5447238,3.63,Ksenophon Komnenos,87,8
1014253,3.77,Cat Rambo,6564,1389
133658,3.64,Susan Shapiro,2256,369
4599042,4.31,"Yudis, Broky, Pak Waw",131,19
217843,4.20,Mark Fried,4749,388
491135,3.75,Jacqueline Deval,121,19
7268993,4.41,Evi Asher,86,15
26826,3.73,Anna Gavalda,37147,3105
7190791,3.25,J.A. Nelson,8,5
68669,3.99,James Stevenson,23636,1737
5279504,4.00,Glenn Jackson,18,5
152315,3.78,Janet Louise Roberts,469,55
124999,3.74,Anya Ulinich,2000,323
124998,3.85,Brendan Simms,731,116
14734208,4.15,John M. Gottman,18646,1646
31962,4.08,Joan DeClaire,4332,458
16939443,3.59,Michael Ryan,268,42
30669,3.77,Janet Dailey,36235,2375
6888955,4.18,Regina Morris,521,235
14844334,4.18,Sara Driscoll,552,180
5807939,4.07,Jen J. Danna,745,274
5807940,4.07,Ann Vanderlaan,745,274
125002,3.55,Maurice J. Elias,157,19
353065,3.40,Steven E. Tobias,95,13
353067,3.43,Brian S. Friedlander,93,13
75822,3.90,Melissa Scott,11657,1254
434927,3.90,Lisa A. Barnett,1322,156
4309838,3.37,"Nicole \"Snooki\" Polizzi",3028,419
171422,3.82,Alan Jacobson,11150,1138
362888,3.87,Woodrow Phoenix,387,52
1022975,3.90,Andi Watson,15456,888
1223961,3.59,Jose Luis Munuera,816,65
72018,3.68,Victor Canning,1022,105
13844539,4.10,Dan Jones,14346,1968
822613,3.95,Pierre Lemaitre,24277,3899
28569,4.02,Jennifer Ashley,192228,13868
4187,4.30,Primo Levi,65013,3268
160601,4.33,Martine Schruoffeneger,1124,51
2531619,3.86,Kate Willoughby,5775,598
54103,4.04,Jean Giono,8880,888
3898984,4.07,Jean Giong,102,13
50681,3.94,Willi Glasauer,148,23
3179217,3.67,Mark M. Quinn,3,3
585,3.90,John Steinbeck,2959471,79580
6563919,3.89,Maurice-Edgar Coindreau,1045,78
139257,3.72,Mary Hooper,14357,1568
8189160,3.75,Kathleen McKenna Hewtson,276,39
363102,4.01,George C. Chesbro,2629,164
105805,4.07,Colleen Helme,9851,1159
494654,3.87,Kate Reading,14918,3638
8435196,4.12,Michael Kramer,14062,2502
8189158,3.14,Oliver Opheim,7,1
3016762,4.07,Trina M. Lee,17889,985
63460,3.81,Joseph Finder,58540,6083
6936989,5.00,haru,7,1
6936990,5.00,"Jiao Chuan gemusu, gurasuhotsupamanihuakuchiyua",2,1
116800,3.73,Liza Alexander,473,61
497602,3.84,Lauren Attinello,83,12
561746,3.82,Kathleen DuVal,297,58
376137,4.12,W. Lyon Martin,121,28
5831672,3.76,Natalie C. Parker,3076,550
4074051,3.99,Rae Carson,154438,15863
5425858,3.70,Brandy Colbert,12541,3156
6921953,3.57,Katie Cotugno,27728,4399
546427,3.77,Alaya Dawn Johnson,23284,3982
7418796,3.83,E.K. Johnston,28179,5973
3111338,3.77,Tessa Gratton,22392,3301
8347,4.05,Garth Nix,637886,29703
4039811,4.09,Veronica Roth,4347142,250205
7770873,4.32,Sabaa Tahir,140815,21627
3023658,3.70,Brenna Yovanoff,40694,6150
4600197,4.12,Renee Ahdieh,132337,24960
6433278,3.76,Julie   Murphy,38707,7256
5833089,3.67,Justina Ireland,2689,616
6571558,3.72,Lamar Giles,2356,526
5749310,3.61,Bethany Hagen,4094,679
14719489,3.85,Katy Colins,1275,215
4882178,4.18,Nikki Walker,383,80
161137,3.98,Wendy Loggia,2807,114
48913,3.86,Faye Kellerman,136670,7625
4448495,3.88,Benjamin Kane Ethridge,1826,477
2955577,3.47,Lori Villarreal,233,25
6912138,4.50,Trent Gillespie,26,8
169377,3.53,Seth Grahame-Smith,252999,26756
5447353,4.20,Kira Snyder,203,105
5820374,4.11,Fernanda Ravagnani,237,16
4173314,2.39,Amanda Lawrence Auverigne,347,98
48192,4.17,Gena Showalter,762036,42727
150188,3.75,Faith Bandler,4,1
6876358,5.00,John La Plante,1,1
8178732,4.00,Kari  Sayers,6,3
2740668,3.98,Dan Wells,134058,14766
14678263,3.85,Tony  Bennett,587,120
61232,3.72,Lynn Michaels,1015,106
4520271,3.56,P.F. Clarke,414,54
146951,3.84,Kashmira Sheth,5460,955
4653949,3.96,Yoshiko Jaeggi,504,154
265379,3.90,H. Douglas Pratt,67,3
831670,3.88,Phillip L. Bruner,25,2
831671,3.88,Delwyn G. Berrett,25,2
17137089,4.08,Devi Yesodharan,39,21
136875,3.82,Don Watson,1411,182
630440,3.24,Wolf Wondratschek,92,9
11466,4.33,Markus Zusak,1447340,108373
4635201,3.86,Chiara Brovelli,4787,675
1457985,4.00,Jean-Louis Cianni,3,1
5922,3.93,Peter Robinson,106682,7338
249590,3.96,Donna McDonald,14156,1694
4902469,3.69,Lisa Owings,281,87
5594120,3.63,Nachi Yuuki,517,39
503349,4.43,Barbara Schulte,7,2
6446003,4.10,S.E. Smith,78815,4316
11208452,3.88,David Brenin,139,30
16791998,4.78,Neal Samuel Davies,18,6
19062,4.11,Guy Chapman,37,4
656502,4.15,Camille Fronk Olson,1832,422
330781,4.19,Cesare Casella,362,23
7248146,5.00,Pino Belleri,1,1
232305,4.19,Judith Larner Lowry,47,14
2894,3.71,Bernhard Schlink,152650,9730
130736,3.08,Joyce Hackett,200,29
6980524,3.15,Bradley Schmidt,198,36
6404,3.83,Jonathan Lethem,191424,19696
4676497,4.47,Silhouettes,59,10
90779,3.53,Sax Rohmer,5233,766
257243,3.63,John Cross,266,22
1412732,4.09,Kevin Hinckley,298,109
400207,3.70,Friedrich Glauser,886,95
19595,4.29,Vasily Grossman,10671,1090
14002590,4.13,W.H. Auden,24480,1323
5038971,4.15,Ashley Dartnell,150,36
36341,3.93,Thomas Perry,52825,5308
46540,4.02,Eileen Wilks,100818,4709
74046,4.12,D.J. MacHale,267153,7763
7043991,3.83,Biodun Samuel Adepetu,52,47
1214501,4.46,Ron  Wallace,13,4
203719,3.61,Ceil Cleveland,76,12
4410267,3.70,Amy Atwell,636,77
5754231,4.01,John A. Heldt,4836,1140
6989,3.94,Rudyard Kipling,303560,10775
93931,3.82,Flo Gibson,1060,209
7121956,3.80,Ahmed Sharif,40,5
47698,3.66,John Horgan,1013,110
4158220,3.66,George Johnson,2364,378
3946150,3.96,Edward Kastenmeier,887,78
55727,4.14,Jonathan Haidt,31205,2980
21042,3.74,Will Ferguson,20926,2486
3946149,3.83,Katimaviktim,90,8
41992,3.95,Jerome Lawrence,20614,825
2792028,3.95,Robert E.  Lee,20557,818
146520,3.59,Wendy Orent,111,23
190696,3.72,Candice Hern,13983,1172
14701,4.31,Charles E. Moore,539,74
14263116,4.29,Timothy J. Keiderling,21,18
15093,3.75,Howard Mackie,8867,507
15091,3.94,Chris Claremont,88441,5166
22914,3.80,Mike Collins,5102,614
15090,4.02,Jim Lee,132776,6137
377359,3.74,Whilce Portacio,6142,489
61317,3.93,Lee Weeks,30429,1588
508272,3.86,Bill Jaaska,837,68
2579982,3.76,Jason Gorder,5776,459
123899,3.74,Niki Daly,2172,543
38491,4.18,Christopher Yost,89090,2430
5777,3.91,Paco Medina,29668,2115
2933191,3.59,James Asmus,6185,656
61319,4.27,Pasqual Ferry,59844,1164
668817,3.68,Clay Mann,11385,1260
3425627,4.03,Yvonne Woon,17033,1873
570657,3.64,Caitlin Davies,1192,370
4670240,3.81,Corrado Roi,1881,69
4105715,3.73,Paola Barbato,1600,143
61970,3.86,Neal Adams,19891,1364
467693,3.85,Christos Gage,52396,4056
997432,3.93,David Marquez,18829,1860
2933192,3.91,Sara Pichelli,29150,2384
61382,3.99,Matt Fraction,201841,14230
12431,3.88,Salvador Larroca,51953,3917
439887,3.97,Kieron Gillen,152358,13954
2620998,3.76,Daniel Acuna,18100,1358
61326,3.84,Ron Garney,25142,1636
329305,3.95,Dale Eaglesham,37582,1460
7337,3.64,Carlos Pacheco,31612,2323
52980,3.87,Rick Remender,79304,7321
8043728,3.81,David Williams,2714,382
9932,3.91,Phil Noto,59504,5154
268214,4.02,Jerome Opena,18685,1322
28126,3.82,Fabian Nicieza,62252,3772
14461,3.82,Scott Lobdell,64022,4569
145378,3.59,Todd Dezago,4303,349
79750,3.70,Roger Cruz,4818,422
20013,3.94,Jan Duursema,14674,846
61367,4.11,Steve Epting,62769,3198
6542722,3.84,Terry Dodson,43735,3367
1226213,3.79,Tony S. Daniel,61321,3393
356424,3.89,Jonathan Hickman,100156,7801
205810,4.04,Nick Dragotta,34817,2827
3856312,4.05,Gabriel Hernandez Walta,14661,1545
5099401,3.34,Andre Lima Araujo,4048,511
12443,3.88,Mark Bagley,76940,3968
4633,3.93,Karen Hawkins,56290,3970
172973,4.29,Jonathan Sumption,738,69
82744,4.19,Sarah Whitfield,91,10
172977,4.09,Malorie Blackman,92121,5764
293,4.05,Tom Stoppard,110579,3479
247564,3.74,Molly Keane,2106,233
23613,3.96,Emma Donoghue,672976,56684
27181,4.07,Jim Winchester,286,47
57752,3.98,Robert Jackson,3861,224
567334,4.13,Dominic Cooke,275,22
1356336,3.96,L.A. Banks,88455,4099
674866,3.80,Leighton Gage,1891,407
1000834,4.05,NOT A BOOK,50974,4617
15428568,4.10,Paul   Read,89,66
4758757,4.23,Melissa Kline,115,35
5280967,4.38,Eve Gaal,130,40
6448032,3.88,Bill Cronin,345,44
1670544,3.87,Geoffrey Knight,2476,671
2886984,3.76,Emma Quay,862,149
7412302,3.25,Kimaya Mathew,210,11
4888965,3.71,Delilah Fawkes,13801,495
4087274,3.96,B.V. Larson,79202,2549
9869324,3.72,Thomas LeMay,670,46
1476,4.24,Doris Kearns Goodwin,165124,9964
315737,3.79,Suzanne Toren,5251,1470
671789,4.01,Nelson Runger,606,171
555317,3.85,Dave Louapre,150,29
3183539,3.83,Dan Sweetman,104,14
28938,4.22,Julie Dash,346,42
4379,4.02,Sylvia Plath,559641,19964
32005,3.68,Harold Robbins,22535,863
29305,4.07,Robert Mankoff,2108,240
29303,4.17,David Remnick,17351,1496
4747,3.78,Adam Gopnik,19995,2291
9598,3.81,Lawrence Sanders,41241,1459
7827726,4.11,J.J.  Knight,20359,3995
4104200,4.04,Judy Pasternak,280,56
675363,4.10,Laural Merlington,32139,1311
15207867,4.50,Cao Wen Xuan  Cao Wenxuan,12,1
846906,3.43,Fulvio Tomizza,169,13
1177673,4.17,Derek Croxton,6,2
7445352,4.38,Kim Holden,42110,7314
13615370,3.97,Lidia Dornet,600,169
14230637,4.27,Alex Kydd,15,9
35087,3.62,Howard Norman,8765,1418
6492,4.39,Francine Rivers,506004,24352
5326672,4.08,Jennifer  Anderson,60,23
5345,3.68,Peter Dickinson,14551,1424
10465,3.41,Kate Jacobs,94098,11771
821661,3.65,Carlos Franz,252,38
1031573,3.65,Jeffrey Ross,321,26
11749,3.41,Marika Cobbold,1178,186
14078,3.90,David Brin,165924,5827
8446450,3.92,Twentieth Century Society,12,3
2063919,4.29,Michael J. Sullivan,218988,14687
6431751,4.05,L.C. Mortimer,98,22
106,4.04,Madeleine L'Engle,1031251,33594
21477,4.03,Nevil Shute,85887,6344
16623,4.42,John Bevere,14224,1076
1462,3.71,Julian Barnes,197507,21001
1322224,3.98,Dzhulian Barns,299,19
3012849,3.79,Tat'iana Pokidaeva,249,17
299802,3.66,Stephen Colbourn,573,84
5768613,4.38,Glenn Scrimshaw,106,15
230823,3.56,Sara Orwig,4111,372
5832703,3.67,Nicole Helm,3510,829
7517285,4.06,Marion Faith Laird,64,13
7082210,4.21,Kimberly Rose Johnson,1790,447
59227,3.97,Hannah Alexander,5470,587
764251,3.93,Glenn Danzig,189,12
436998,3.88,Ernie Harwell,210,43
5321999,3.96,Kendra E. Ardnek,293,130
8048,4.00,Jennifer Allison,12209,1039
1641749,3.82,Jessica Almasy,1339,388
4106905,4.25,Parry Ebonysatin Brown,105,10
4106904,4.14,John Sowers,244,31
787711,4.00,Rodger Swearingen,2,1
700895,4.10,M. Stefan Strozier,155,40
486693,4.08,Kyle Torke,148,39
620760,3.75,J.R. Ripley,287,139
262894,3.61,Glenn Meganck,223,71
7086744,2.69,April Styles,172,24
32807,3.99,Romain Gary,26410,2116
4699102,3.58,Unknown,349893,11428
438738,3.77,Simon Wilde,94,7
4605878,4.17,Ann Charles,27596,2663
25388,3.75,Giorgio Amitrano,15229,1357
5170241,4.38,Frederica Patmore,111,21
5170242,4.37,Vikki Haffenden,125,21
683293,4.13,Dorothea Lasky,1530,168
117980,3.71,Charles Piddock,28,8
6429672,3.43,Kyle LaForge,159,17
15419338,3.44,Kyle Barclay,133,15
515267,4.24,Institute in Basic Life Principles,207,19
5450121,4.40,Severt Andrewson,122,11
9891,3.92,Steve Hamilton,43894,4520
10074,4.02,Ellen Raskin,131043,8490
187888,3.85,Sally Cabot Gunning,10866,1714
1398739,3.58,Idra Novey,3143,598
8445640,3.79,rDy lnmSy,1027,298
2857191,3.80,s`d lbz`y,1345,365
2891665,3.99,Gail Carriger,305976,34005
221559,4.12,Jeff Kinney,927858,49076
14989,4.31,Vince Flynn,501000,17535
19365,3.89,George Guidall,16380,3523
807588,3.34,Pieter Aspe,7671,454
73977,4.10,Lisa Renee Jones,171774,18727
15109804,4.79,Carlos Augusto Rojas,19,12
583858,3.22,Jose Luis Guarner,68,2
1350513,3.44,Elizabeth Cameron,332,57
196963,3.81,Nick Pollotta,2905,162
201553,3.88,James Clay,102,17
3064305,4.15,Hugh Howey,469243,34680
2345,4.06,Nicholas Sparks,4600277,138956
21027,4.13,J. Scott Duvall,1380,114
21026,4.11,J. Daniel Hays,1678,155
2817499,3.86,Emile Bravo,1710,250
236041,4.18,Julia Eccleshare,1825,152
1374889,4.12,Debra McFarlane,75,14
246787,3.28,Vivien Armstrong,46,10
117775,3.96,William H. Armstrong,25493,998
6439486,3.88,Sheri Fredricks,283,109
93389,4.11,Fern Marshall Bradley,1054,109
119268,4.18,Lilian Moore,2011,142
12447,4.23,Arnold Lobel,204198,4516
8095301,4.07,Madison Keller,102,40
167069,3.47,Paul Burston,376,46
167071,4.00,Paul   Newman,525,82
2937536,4.07,A.E. Hotchner,6696,911
33408,3.83,Karen Robards,108398,7832
13847040,4.17,Nikki Steele,1128,505
13994586,4.25,Noelle N.,2407,173
1200273,3.49,Mychael Black,4330,539
1200272,3.46,Shayne Carmichael,2303,222
5105133,3.54,Joanne Clancy,1642,535
14063062,4.38,Jen A. Durand,259,171
436455,4.02,Ian Mortimer,18233,1721
14762675,4.48,Nina Dashevskaia,33,12
14815912,5.00,R.  Carroll,2,1
3395959,3.57,Rex Kusler,1669,136
16979917,4.00,E. J. Clery,6,2
6879435,4.00,Megan Erickson,36608,7300
4942228,4.24,Santino Hassell,52790,10011
5398526,4.02,Alex Hernandez,162,13
14716561,3.53,Robin Forsythe,388,32
3454860,4.00,Scott Roberts Michael,3,3
493352,4.01,Ellen Javernick,1116,179
3380210,3.98,Colleen M. Madden,764,137
7325512,4.09,"Madden, Colleen M.",392,55
5820388,3.63,Sheryn MacMunn,772,89
306745,3.87,Dian Dincin Buchman,237,34
5449087,3.91,Antonio Velasco Pina,774,56
20248,4.30,J.R. Ward,1597392,87093
6083876,3.92,Eric G. Dove,1014,242
39326,3.88,Heinrich Boll,42918,2600
39329,3.81,Leila Vennewitz,12391,717
7068319,4.05,M.J. Arlidge,45710,6305
14000265,3.67,Sophia Tappa,158,33
4508829,3.49,Adriaan Basson,69,10
13931,3.96,Alice Alfonsi,5430,296
1588088,3.80,Maria Semple,319210,35546
5422798,3.77,Olga Bartova,261,47
36122,4.09,Patricia C. Wrede,272562,12379
17735,3.98,Ryder Windham,14103,1167
4075045,5.00,Bev Burgess,4,3
16366214,5.00,Dave Munn,1,1
38840,3.97,Algernon Blackwood,23465,2049
54469,3.93,Gerald Kersh,1995,208
26930,3.84,J. Sheridan Le Fanu,53125,3948
628503,3.73,Safi Nidiaye,33,4
39272,3.79,Jenny Colgan,101672,10227
2900951,3.65,Sonja Hagemann,662,119
8301425,4.29,Tyler Oakley,16475,1712
997897,3.86,Samih Al-Qasim,815,159
2760551,3.41,Salla Simukka,9171,1404
13710612,4.08,S.J. Bolton,5126,682
4930107,3.87,Mariana Enriquez,2814,696
4343412,3.94,Marin Malaicu-Hondrari,728,60
45332,3.66,Christiane Heggan,1273,101
45333,3.70,Lynn Bulock,656,65
6872509,3.97,S. Simone Chavous,1321,215
606966,3.64,Peter Unwin,50,16
15074147,3.00,Mark Werts,1,1
89759,3.87,Glen Johnson,887,68
7314844,3.33,Tammie Bernal,15,3
12899,3.63,Jane Robins,918,286
5575428,3.93,Robyn M. Pierce,61,36
6494640,4.44,Peter Prasad,48,26
884761,3.00,Friedrich Richter,3,2
17071352,3.00,Leonard F. Zwinger,1,1
5501697,3.92,Andreas Fohr,956,108
1037380,2.75,B.D. Basu,4,2
3060067,3.87,J.A. Saare,12094,1239
28525,3.86,Washington Irving,150361,4975
397199,3.79,Brent A. Barlow,153,23
6587345,3.00,Per Lundgren,2,1
325581,4.18,Jimmy Liao,4003,561
79593,3.76,Sarah L. Thomson,15785,2308
255756,3.89,Richard Hammond,5396,442
5153555,4.26,Source Wikipedia,9320,263
2609,4.01,Fern Michaels,194397,12119
422343,3.96,Cathy Lamb,30647,4287
262081,3.51,Mary Carter,6483,1057
1359910,3.72,Terri DuLong,5487,776
7200950,3.95,N.E. Henderson,2761,375
4357,3.96,Harlow Giles Unger,10775,840
58173,4.20,Peter H. Johnston,2279,279
508975,5.00,Michael Hanisch,1,1
5286355,4.06,Karen Charlton,11442,701
29535,4.14,Octavia E. Butler,199973,19717
6567666,3.00,T.H. Rivers,4,3
5443693,4.02,Masami Kurumada,6500,436
1380434,4.15,Shiori Teshirogi,2568,220
474991,4.14,Christiane F.,19564,736
16914001,4.02,bridgett devoue,139,27
4472852,4.02,Alberto Hazan,1381,147
2450573,3.89,Monteiro Lobato,55802,833
3502397,4.15,Paulo Borges,1722,30
6919279,4.25,Catherine Elizabeth Clay,4,1
4305820,3.61,William L. Urban,257,31
700073,3.80,Meryl Streep,1129,298
15463000,4.17,Paisley Lang,217,42
149387,3.52,Lenore Fleischer,127,15
358997,4.07,Gavin Reid,121,10
6880858,3.87,Edmund S. Morgan,5665,382
2784138,3.41,Josef Kainar,82,3
349773,4.05,A.D. Mills,61,4
5208053,2.00,Ortayl,1,1
1278636,3.68,Jackie Griffey,141,51
5427273,4.05,Jerzy Jarzebski,2065,79
38952,4.02,Dandi Daley Mackall,10416,1318
374504,4.47,Tui T. Sutherland,75441,5368
14932359,4.50,Mina Fisher,2,1
10803809,5.00,Carol and Ken Jones,2,1
5481957,3.98,Various,285092,26460
9856,3.89,Greg Johnson,1526,185
123937,4.04,Saad Elkhadem,23,13
1623893,4.00,Saad El-Gabalawy,10,6
20147,3.96,Steven Gaines,3946,327
383303,3.51,Jeffrey Marks,505,96
14502459,4.57,Ellie Masters,691,445
357468,4.39,Brenda Hampton,6265,971
6917412,4.41,Silk Smooth,1166,133
7890376,4.29,Todd McGrain,7,2
1258963,3.48,Nicolas Barreau,9538,1551
14183478,3.24,Nikola Baro,72,8
8355596,3.55,Liudmila Kostova,139,15
12948,4.22,Rumiko Takahashi,234525,3770
4693347,4.10,Jennifer Ryan,21202,1942
7127296,3.87,Julie Brannagh,6826,588
6583366,3.90,Codi Gary,7412,1121
377744,3.75,Maya Rodale,21500,2664
2983567,3.50,Sabrina Darby,1584,421
4188608,3.83,Darlene Panzera,1849,275
6451974,3.86,Laura Simcox,701,137
2766097,4.05,Shelly Bell,2356,523
14250540,4.22,Jens H. Petersen,40,7
4025591,3.66,Saladin Ahmed,12387,2081
3419581,3.79,Yigit Okur,262,16
146303,4.01,Mark Harris,2770,218
5031312,4.02,Dante Alighieri,245444,8093
59149,3.81,Scott Morse,4661,428
153742,4.16,Yuna Kagesaki,42873,670
7086082,4.22,Ying Qi  You Na,251,10
339898,3.86,Della Galton,798,106
4207447,3.92,Robert Roman,66,27
60513,4.09,Barry Jones,2755,163
126372,3.89,John Kenneth Muir,664,66
6928015,2.66,`bd l`zyz lSq`by,101,30
2849,3.98,David Sedaris,1445895,58179
6462056,3.82,Meg Stout,50,9
5810509,3.59,Tim Mann,37,8
1983563,3.26,Emma Straub,84731,9027
13615,4.02,Alison Jay,4429,868
95342,4.14,Chris Van Dusen,30834,3551
4874365,3.76,Sere Prince Halverson,3635,791
583710,4.09,Mary DeTurris Poust,162,34
533266,3.57,Sophia James,3269,421
6905829,4.14,E.K. Blair,38657,6071
5063058,3.39,Aapo Rapi,183,29
12014,3.80,Max Allan Collins,64525,5808
1294984,3.91,Beth Kery,101798,4930
102693,4.32,Andre Maurois,30140,1657
4163644,4.33,Calvin Vraa,3,1
4163643,3.81,Mickey S.,385,48
6553058,4.04,L.A. Fiore,45401,3686
270402,4.03,Leon Wolff,217,19
4783638,3.72,Ayad Akhtar,8120,1219
7814321,3.60,Patrick L Kerwin,5,2
14403,3.99,Ambrose Bierce,51100,3234
6431918,4.45,Gary Henicke,22,12
7101697,5.00,Jenz  Johnson,1,1
1036543,5.00,Paul MacEwan,2,1
6563682,3.74,Laney McMann,337,201
25824,4.23,Julio Cortazar,92588,4854
215886,4.01,Jose Munoz,6980,217
4157045,3.77,Pinar Savas,636,67
1445909,4.02,Adrian Tchaikovsky,35805,2766
7359520,4.50,Georgina Martins,4,1
14685097,3.00,E.M. Chapin,7,1
4692170,3.90,Julie Anne Lindsey,1719,510
4098888,3.92,Noah K. Mullette-Gillman,75,40
49378,3.60,Lynne Graham,70960,4986
4977949,3.89,Brian  Moore,304,23
5816088,3.77,J.J. Zep,246,33
8122150,3.96,Yukiya Murasaki,190,12
2923163,3.50,Jessica Pearson,2,1
205,3.92,Robert A. Heinlein,928084,27589
2987125,4.06,Kiera Cass,1531033,123652
15376492,4.11,Nathan  Hill,30481,4670
7237084,3.66,Takeshi Azuma,232,20
2802356,4.01,Herge,227167,5396
8516,3.82,Piers Anthony,563747,10505
16357380,4.00,Janis Ankravs,1,1
2039331,4.00,Janis Karklins,5,1
1279917,4.03,Anya Howard,360,21
14910202,2.58,Brenda Kay Winters,251,14
373692,3.94,Wallace O. Chariton,52,10
14160972,3.94,Carrie Aarons,6172,1392
488435,4.50,William H. Barker,4,2
82840,4.00,Howard Kerr,14,2
1712405,3.98,Alan Gribben,40,9
294995,4.00,Charles N. Watson,8,1
2873763,4.08,Cruce Stark,12,2
3861217,4.00,John W. Crowley,8,1
56053,3.98,Charles L. Crow,82,9
3143994,4.34,G.R. Thompson,189,12
40109,3.71,J. Gerald Kennedy,2733,205
279661,3.28,Carolyn L. Karcher,1335,103
175870,4.12,Barton Levi St. Armand,40,5
114126,3.84,Jay Martin,105,17
47385,3.91,Charles Bowden,4365,557
133778,3.86,Rainer M. Schroder,3147,126
13542882,3.93,Sara Whitford,679,77
1401,4.11,Stephen Hawking,347760,11859
2872815,4.07,Dinko Telecan,119,13
36619,3.98,Paul Doherty,23995,1437
13674154,3.50,Kadorienne,4,2
7246629,4.17,S.R. Wilsher,492,90
6527572,3.99,K.A. Young,3075,583
519749,4.17,Robbyn Smith van Frankenhuyzen,191,41
3219,4.14,Gijsbert van Frankenhuyzen,1242,277
219818,3.57,Michael Powers,96,16
213179,3.47,Helen Bianchin,8999,665
16304,3.78,Julianna Baggott,44319,5973
14396232,3.56,A Hultquist,9,3
2957968,4.03,Joanne Lew-Vriethoff,1329,358
5831941,4.04,Nicola Claire,15792,1386
5402017,3.50,M.A.Uswah,4,1
1545319,3.61,Mala Dayal,383,35
63189,3.71,Khushwant Singh,31768,2209
483741,3.99,Upinder Singh,599,21
60159,4.06,William Dalrymple,31872,2730
3354253,3.90,Roni Dunevich,30,9
3272042,3.45,Daniel Falatko,44,22
48805,4.16,Rebecca  Johnson,259,29
4889,3.92,Steve Parish,580,58
47792,3.87,Fiona McIntosh,29712,1691
8299638,4.25,K.L. Grayson,11913,2075
17623,3.58,D.H. Lawrence,187845,8988
210649,3.63,Mike Farrell,143,25
86404,3.87,E.M. Forster,291399,12522
319950,3.48,Victoria Benedictsson,496,27
15538,4.13,Mikhail Lermontov,44207,1161
6884203,2.89,Kees Jiskoot,9,1
2824119,3.73,Barbara Constantine,1385,202
442587,3.79,Ina Kronenberger,1984,146
11294,3.94,Ciaran Carson,1596,200
7091757,3.59,Emma Green,7927,394
4340042,4.32,Books LLC,25447,1345
195778,4.12,Cindy Gerard,75225,4002
14589260,4.10,Vi Voxley,8758,1317
2389949,4.72,Iris Bolling,4164,726
8840,4.07,Jayne Castle,81177,4042
15292125,4.36,Nicole S. Goodin,415,111
273791,3.41,Phoebe Damrosch,3522,479
6469703,3.65,Edward Crichton,1122,61
106759,3.64,Petros Markaris,5093,511
4609030,3.65,Andrea Di Gregorio,1169,133
7214448,4.62,J.N. Kirchner,8,4
292656,3.57,Alexandra Potter,45373,3219
6585623,3.54,Dagmar Brejlova,301,53
897581,3.80,Jean Ekman Adams,131,32
326071,3.54,Piergiorgio Odifreddi,1817,190
247227,3.97,Pauline Baird Jones,2321,436
70321,3.63,Piero Colaprico,394,39
1998208,3.71,Pietro Valpreda,119,10
129636,3.76,Pino Cacucci,2726,296
5387201,3.17,Gina Rudan,6,2
1600019,4.11,Rebekah Isaacs,14394,1253
18015,4.07,Joss Whedon,398617,20278
7373567,4.19,Lili St. Germain,71456,8044
3206478,3.74,Laura L. Sullivan,4845,929
70032,4.02,David Wyatt,10902,1157
1240792,3.77,Michael Saunders,111,8
852220,3.67,John Whitfield,52,6
344335,4.67,Robert Pruitt,3,2
590341,4.36,Jamie Morgan,36,8
6434200,3.79,Paris   Singer,67,29
5053555,3.85,Faye Harnest,27,7
1709139,4.01,Celia Kyle,95779,7906
7351754,3.73,Lynn Red,9363,1529
4720629,3.83,Jessica Sims,20298,1771
7350232,3.72,Flora Dare,4545,666
6627289,3.67,Marina Maddix,6894,913
469202,3.04,Lisa Jane,52,8
8592534,3.40,La'Toya A. Debardelaben,10,7
526699,3.99,Pamela Tracy,805,204
17134,3.47,Paul Strathern,11404,1338
8592535,3.88,Yucel Sivri,24,6
33227,4.07,Colleen Coble,73192,7628
8409842,3.98,Christian Winn,45,9
3051011,3.44,Phillip MacKenzie Jr.,39,15
4101274,3.89,Nancy Lee Badger,565,80
5051855,3.95,Kristy K. James,3462,410
4215735,3.95,Martin E.P. Seligman,25844,1348
6331,4.00,Anne Perry,387143,20637
2931,3.88,Ruth Downie,15679,1835
5602,4.06,Simon Vance,59105,7242
68668,3.77,Jon Fosse,2419,261
4738,3.86,Alexander McCall Smith,708799,57679
3321240,3.90,LeTeisha Newton,2270,415
45938,3.68,Joy Fielding,55781,5476
471360,3.92,Sarah York,53,7
69826,3.78,Joan Lingard,3005,182
8301727,3.70,Estelle Laure,4714,1062
1279057,4.03,Ron Roy,68420,2676
11643,3.94,John Steven Gurney,93394,3406
34300,3.31,Scott Spencer,10263,1750
151973,4.03,Amy Lane,100316,14131
1960644,3.88,Hugh Bradley,34,22
14952932,2.50,Edward van der Straaten,2,1
2130672,3.77,Carlos Blanco,13,1
78994,4.43,Joseph Rael,69,10
100003,4.50,Mary Elizabeth Marlow,54,6
7372214,4.07,T.O. Munro,114,30
13982375,4.06,Alexis  Adare,393,55
14256057,3.30,Aphrodisiac Publishing,191,15
2776067,3.20,Veronique Roy,65,10
15236122,3.30,nwyd Hmzwy Navid Hamzavi,10,2
612732,3.92,Anne Hillerman,14767,2453
4296840,3.65,Christina Delaine,728,219
9817280,4.52,Marissa Storm,101,34
6427001,4.17,Lisa  Williamson,9351,1673
3271740,2.80,Noel Slangen,5,1
5413891,2.00,Jan Withofs,1,1
7228580,2.80,Thorsten Schulte,5,1
3462284,3.53,Margreet Dietz,17,6
7530800,4.02,Michelle Love,7201,1303
8913729,4.12,Will Ottinger,8,2
16027416,3.86,C.P. Snow,4260,370
94171,4.37,Masanobu Fukuoka,4112,420
790695,3.83,Steve Collins,82,13
616020,4.37,Angela Nanetti,690,91
3466247,3.60,Traci Tyne Hilton,7642,787
2894363,3.55,Linda P. Kozar,958,261
5309037,3.29,Deborah Malone,371,74
1994180,3.40,S. Dionne Moore,546,88
4682757,3.36,C.L. Ragsdale,498,81
4097911,3.69,Nancy Jill Thames,1461,237
766004,4.04,Yan Ye  Qi Sheng,193,7
14422190,3.11,Jackson Blake,87,15
6218,3.89,Sandra Brown,519434,33136
3055503,3.99,Hillary Manton Lodge,2239,673
19887,3.57,Gary Friedrich,2212,286
10180,3.87,Roy Thomas,41606,2563
40989,3.76,Gerry Conway,12442,1391
40988,3.77,Steve Gerber,3974,474
251553,3.73,Rich Buckler,3407,469
4142437,3.14,Lew Wein,14,3
9871618,3.59,Tom Sutton,430,62
10300,3.81,Herb Trimpe,6284,625
324217,3.96,Gray Morrow,3219,281
74335,3.77,Michael Ploog,75,10
