author_id,average_rating,name,ratings_count,text_reviews_count,main_genre
5344544,3.53,Pablo Rumel,34,5,General
6952482,4.30,Brantwijn Serrah,444,210,General
1228573,3.97,Margaret Blake,125,16,General
1580,4.03,Humphrey Carpenter,17046,703,General
5011219,4.63,K.C. Sprayberry,176,65,General
156645,3.33,Anna David,1849,270,General
609422,3.77,Shelley Rotner,1384,419,General
7195,4.06,John Boyne,437743,28600,General
5407382,4.22,Christopher  Wood,346,23,General
5096033,2.69,Roberto Valencia,32,2,General
2951127,3.75,E. Catherine Tobler,4522,1017,General
315737,3.79,Suzanne Toren,5251,1470,General
700073,3.80,Meryl Streep,1129,298,General
358997,4.07,Gavin Reid,121,10,General
14396232,3.56,A Hultquist,9,3,General
5051855,3.95,Kristy K. James,3462,410,General
68668,3.77,Jon Fosse,2419,261,General
118353,4.14,Curt Riess,22,4,General
6575126,1.00,Robert Burkhart,1,1,General
5419352,3.66,Aurelie Marechal,148,24,General
7044750,4.27,Lenora Henson,440,54,General
14416414,3.69,Dugald Bruce-Lockhart,251,70,General
2798739,3.65,Hmdy `bd lrHym,293,64,General
214390,3.77,Suor Maria Celeste,48,9,General
4704348,4.05,Grace Greene,5727,630,General
6941853,4.08,Robyn Rychards,154,92,General
14257668,3.68,You Xi *A De Le -Ou Er Sen,19,3,General
3215256,4.25,Rich Woodall,16,2,General
6567705,3.87,Sarah Moore Fitzgerald,2245,513,General
4477070,3.39,S.L. Grey,3281,558,General
74572,3.95,Katherine Anne Porter,15232,1167,General
13910956,3.68,Eleonora Carlini,1894,246,General
4179155,3.79,Tracey Corderoy,2277,486,General
7037616,4.38,G.S. Luckett,37,34,General
487341,4.03,George K. Hunter,377,21,General
622133,3.81,Concha Cardenoso,359,55,General
8244779,3.88,Adeline Myers,8,4,General
13394677,1.00,Gwenieth Wisdom,1,1,General
9885986,3.46,Melody Anson,101,25,General
4553283,3.82,Julian Assange,3013,331,General
6519859,4.03,Brenda K. Davies,24853,1926,General
4798473,3.12,Jarmo Karonen,72,8,General
314615,3.65,Doreen Orsini,380,24,General
13508159,4.25,Lindsay Detwiler,405,260,General
5448265,4.74,Dan Cafaro,57,20,General
4292126,3.85,Kelly Lintz,40,17,General
28055,3.84,James Robinson,46864,3363,General
365639,4.06,Willie Robertson,7982,925,General
2966971,3.71,Erik de Vries,394,62,General
2844043,3.89,Karina Sumner-Smith,3897,426,General
15296101,4.24,Chace Verity,224,94,General
272650,3.93,Kate Carlisle,34351,4154,General
10547,4.26,E.E. Cummings,73489,2329,General
10782788,4.13,Jillianne Hamilton,225,34,General
96116,3.92,Jon L. Breen,4995,355,General
6982627,4.11,D. Robert Hamm,36,8,General
126820,3.74,Daniel F. Galouye,1365,174,General
14833430,3.95,Alison  Ryan,4034,450,General
3905468,3.37,Nancy Blumenthal,19,4,General
1806378,4.01,Kathleen Mix,127,92,General
1221242,3.61,Jerzy Stuhr,301,19,General
2917917,4.07,N.K. Jemisin,143143,17270,General
276755,4.27,Sarah Tieck,2016,188,General
2747068,3.25,ywsf m`Ty,6001,608,General
658076,3.55,Magnus Scheving,11,4,General
116981,3.70,Natasha Mostert,3242,728,General
67123,3.87,Jess Michaels,24368,2776,General
462367,3.62,Robert Montgomery Bird,222,23,General
32278,3.83,Poul Anderson,94473,4821,General
35992,3.38,Elizabeth Ferrars,941,116,General
442686,3.93,Steve Milton,269,40,General
1020896,3.38,Andrea Vitali,4157,555,General
6241583,3.22,A.J. Best,9,4,General
6887786,3.83,Lina Krutulyte,47,3,General
7010337,4.09,Richard Givan,55,4,General
510937,4.05,George Bennett,74,11,General
7062513,2.20,Tommi Penttila,5,1,General
13550235,2.00,Hans Wolfgang Nickel,1,1,General
1368122,3.94,Mats Strandberg,22402,1869,General
976291,3.64,Petr Sabach,1984,115,General
3242457,4.11,Elaine Orr,815,189,General
5260012,3.85,Patricia Paris,768,79,General
1089373,3.90,Donald Fuller,42,11,General
298251,4.31,Bear Heart,548,57,General
6448762,5.00,Aleecia Alsop,1,1,General
61907,3.83,Marvel Comics,7873,775,General
4389638,4.31,Andrea Costantine,35,12,General
745564,4.13,Steve MacIsaac,418,68,General
4093047,4.95,Garth von Buchholz,22,4,General
1184766,3.93,Marc Thomas,41,10,General
7360538,4.12,Amy Lamont,2817,658,General
445669,4.15,Everett Ruess,831,80,General
108007,3.93,Dakota Cassidy,45053,3974,General
6606352,3.82,Mike Jacobsen,130,22,General
1180263,3.87,Kendra Leigh Castle,10579,1238,General
1287734,4.16,Shani Greene-Dowdell,1757,350,General
4401522,3.51,M.  Jones,134,48,General
7628510,4.33,Bruce L. Thompson Jr.,3,1,General
17142434,4.53,Evelyn Vox,45,34,General
3270228,4.08,Sally Wragg,13,8,General
15083689,3.60,Mark Nathan,88,2,General
178565,3.45,Tamsin Blanchard,137,25,General
6435080,3.93,Carmen Toader,623,42,General
2394831,4.35,Percy H. Whiting,26,6,General
15087419,3.48,Kai Vuosalmi,21,3,General
247320,3.38,Patrick Quentin,389,38,General
3127363,3.84,Karen Hitchcock,650,105,General
6572092,3.67,Michael J. Kannengieser,12,8,General
1414132,3.81,Daniel McHugh,444,31,General
1862101,4.16,Nyki Blatchley,57,17,General
7047892,3.28,Anne  Whitney,147,37,General
2351651,3.77,Linus Larsson,1491,227,General
8024842,4.17,T.J. West,879,371,General
7804708,3.83,Eric Shira,6,2,General
34227,4.15,Beverly  Lewis,182748,10411,General
8065533,3.98,Tang Fei,1493,377,General
183525,3.69,Elizabeth Walter,147,24,General
638118,3.62,Horace E. Dobbs,29,4,General
2673769,3.89,Karine Le Pabic,9,2,General
14431698,3.50,Jeyarani,2,1,General
4407658,4.08,Marty Beaudet,53,25,General
532890,3.51,Cynthia Baron,53,6,General
542967,3.88,James Dawson,9626,1991,General
14754969,3.67,Shayer Khan Kollol,9,1,General
88354,3.99,Marcel Marlier,4005,130,General
397538,4.12,Alzir Hella,8411,437,General
14626572,5.00,Velvet Lenae,2,1,General
142226,3.53,Rob Vollmar,564,116,General
3305,3.93,L. Sprague de Camp,46891,1717,General
521089,3.20,Tony Talbert,15,4,General
2837675,3.60,Janine Vassas,84,4,General
34413,3.94,Larry Winget,3646,492,General
10797834,4.67,Paul Citrin,3,1,General
1647069,3.84,Masolino d'Amico,2674,227,General
3985526,4.14,Guerrero Pedro,7,1,General
327983,3.78,Olen Steinhauer,31576,3343,General
6590157,3.76,Christopher Antony Meade,68,31,General
6941668,3.96,Danielle DeVor,1080,232,General
85377,4.06,Kenneth Hite,6299,398,General
974234,3.74,Connie Hall,238,28,General
3118521,4.34,Phillip Hall,71,19,General
48914,4.12,Tim Green,29203,3276,General
1207046,4.21,Anne Raeff,38,16,General
333464,4.27,John Porter,1156,657,General
384527,3.58,Nicolas Fructus,603,82,General
5227163,3.57,Jesse Andrews,100658,12518,General
7263314,4.20,Bethany Tallack,15,8,General
180675,3.75,Rudolf Karl Bultmann,510,56,General
15371639,3.71,Michael Ciminera,7,3,General
215315,4.00,Daniel St. James,4,3,General
225525,4.17,Robert W. Lawson,11827,293,General
4778219,3.74,Alessio Catania,105,14,General
4736939,4.01,Rachel Firasek,1786,484,General
553314,3.82,Laura Bloom,95,29,General
7791300,3.72,Gabra Zackman,1292,289,General
49237,3.88,Joy Williams,12051,1730,General
64227,4.00,Stephanie Rodriguez,4,1,General
6479112,2.33,Monica Daddio,3,1,General
7146423,3.75,Ergun Mehmet Caner,509,61,General
1058366,3.80,Josep Munoz Redon,15,1,General
5351440,3.55,Giorgos Leonardos,177,18,General
6869883,3.61,E.C. Tubb,4806,416,General
719256,3.98,John Theberge,51,6,General
7222957,4.07,Maris Black,14270,1760,General
6554252,3.49,Seita Vuorela,913,83,General
4702536,4.38,Pinky Dior,268,71,General
7799197,3.59,Lucy Lethbridge,1066,206,General
16175036,4.09,Nuno Amaral Jorge,11,3,General
5268170,3.81,Roy E. Stolworthy,161,16,General
202457,3.64,Brian McDonald,758,90,General
5424107,4.05,Wani Ardy,669,141,General
15990871,4.65,Serica Rena',144,57,General
102963,4.02,Michelle Parker-Rock,57,8,General
778307,3.99,Meenakshi Mukerji,135,4,General
50975,4.26,Samael Aun Weor,1417,72,General
190328,4.32,Graham Oakley,1876,150,General
5358016,2.75,Nazihatul Hanan,12,5,General
1782531,4.22,Annie Boone,3232,265,General
7796988,4.25,Rebecca McDonald,182,69,General
14789516,3.30,`ly lmjnwny,705,176,General
15179450,4.24,White Stag,17,9,General
6498865,4.22,Nicole Conway,4472,266,General
8283338,4.19,J.L. Sapphire,178,54,General
7239941,3.48,Jessa Holbrook,549,97,General
14150174,3.93,Stacia Stone,242,48,General
14180222,3.60,Ida Holmegaard,47,5,General
7686588,4.12,M.J.   Stevens,151,48,General
5436719,4.05,Hayden Chance,43,15,General
5294897,3.87,Anthea Sharp,10274,1499,General
7150875,4.14,Jay Korza,167,21,General
14613564,2.67,Robert Matsudaira,3,1,General
855050,4.05,Fiona Wright,398,74,General
657613,3.96,Denis Crouan,23,2,General
5413783,3.74,Ron DeLegge II,53,27,General
7893632,4.00,Chiara Talluto,9,7,General
99622,3.78,Thomas S. Roche,2632,374,General
7141469,4.00,Chase Webster,18,4,General
7875317,4.17,Gamon Sakurai,8815,427,General
62344,3.77,Charlotta M. Bebenroth,47,3,General
5778250,3.09,m`n 'bw Hsn,96,31,General
5390231,4.31,Kostas Georgousopoulos,348,8,General
1233554,4.06,Karen Nichols,445,26,General
4611286,3.84,Michael Moreci,2704,327,General
296424,4.13,Ronni Solbert,3255,349,General
536324,4.12,Harry Sheehy,16,3,General
3055395,4.42,Lawrence Dagstine,64,10,General
14844262,3.95,Sandra Ferrer Valero,19,9,General
2919757,4.33,Bliss Isely,3,6,General
6980575,4.25,Lori Anne Rising,4,2,General
42185,4.08,Rita Carter,3261,111,General
15143655,4.05,Khairul Hafidz,130,23,General
2967165,3.76,K. Lippi,29,14,General
3208,3.80,Gavin Lambert,714,71,General
35646,3.62,Knister,3017,98,General
930479,4.03,Geoffrey Tillotson,62,11,General
7077675,4.65,Rae Ann Parker,23,17,General
73693,4.14,Bob Russell,192,33,General
141638,4.14,B.J. Hoff,4796,495,General
787720,4.23,Laurence Cleyet-Merle,53,14,General
14665019,4.00,Taz Thornton,14,3,General
151782,3.16,Sheila Douglas,64,13,General
378702,4.07,Michael Cisco,5902,531,General
6511338,3.89,Kevin  Moore,76,20,General
5293948,3.75,Maria Bratova,87,13,General
742174,4.13,Chica Umino,7292,290,General
14184935,4.33,Lucas Kana,12,6,General
5381663,3.00,Alistair Dougall,1,1,General
1360762,3.73,Matt Taylor,1197,140,General
8394266,3.19,Shauna Hudson,105,13,General
2915792,3.87,Vylar Kaftan,4122,620,General
6878177,3.64,Zoe Lynne,293,70,General
6454826,4.26,Bob Atkinson,219,55,General
4415460,3.73,Chris Hanks,84,5,General
1618577,4.25,Miles O'Neal,8,3,General
16605,3.60,James Churchward,423,37,General
459405,3.91,A.W. Wheen,258803,5949,General
5617070,4.23,Unknown Author 230,39,5,General
243397,3.72,Jeff Apter,1031,95,General
6560806,3.55,Stephanie  Jackson,62,10,General
14164425,4.35,Mark D. Davis,46,23,General
3055114,3.80,Timothy W. Long,3881,399,General
4042176,2.50,hll lbdy,14,9,General
4879762,3.86,Edith DuBois,279,17,General
1399962,4.15,mrtDy khlntryn,1993,135,General
5152675,3.62,Aaron Carr,194,29,General
1111195,4.00,Susan   Gabriel,2053,282,General
52922,3.91,Ted McKeever,8733,372,General
4122073,3.73,E.J. Langford Garstin,33,5,General
6424522,4.67,Tihanna Peach,81,17,General
3455203,2.93,Jennifer Joyner,408,89,General
5760028,3.35,Brad Miller,20,3,General
15288308,3.30,Kristian Charli Tanev,23,1,General
14124331,4.25,Joanne Miller,1059,179,General
52074,3.83,John Crowley,26299,2964,General
1600757,4.70,Max Hammer,10,3,General
654948,3.89,Mark Horne,281,92,General
331814,4.21,Jeannine Fiedler,102,8,General
7422438,4.09,Elliott Chan,100,8,General
302069,5.00,Aziz Anis,2,1,General
3407993,4.00,Emma Lang,3978,426,General
27487,3.66,Elizabeth Smart,2606,334,General
7222602,3.96,mHmdrD srglzyy,23,5,General
385658,3.87,Tracy Campbell,90,25,General
18126,3.83,Sarah Hodgson,880,86,General
266550,3.69,Christine Dorsey,831,90,General
45886,3.60,Lisa Moore,10137,1222,General
7128373,4.04,James L.  Hill,23,11,General
10460,4.20,Gary Younge,2403,422,General
265606,3.74,Lynne Anne Blom,121,4,General
2934839,3.80,Emanuela Turchetti,430,17,General
671214,3.23,Dietmar Rosler,52,3,General
2089697,3.47,Winifred Wolfe,131,31,General
125575,3.87,Ib Melchior,208,21,General
461946,3.56,Birute Regine,57,14,General
3915986,3.45,Jos den Bekker,309,26,General
29605,3.91,Eileen Myles,14863,1479,General
6555383,3.84,Nicola  Barber,2587,689,General
496095,4.24,Barbara Edwards,63,37,General
309675,3.65,Mark A. Kishlansky,579,44,General
4700417,4.09,Tammy Blackwell,21898,1526,General
5765588,3.93,Manisha Jolie Amin,265,69,General
3301975,3.85,Jenny Andersen,79,20,General
1007435,4.00,Lys De Bray,9,5,General
17037234,4.00,David  Cary,1,1,General
551081,4.16,Sam Knee,167,16,General
2847878,3.74,Leah Braemel,4212,523,General
14877288,3.40,Viktorija Senbergs,5,2,General
4641617,3.78,B. Mol,9,2,General
1585655,4.55,Umberto Bosco,97,12,General
91091,3.29,Joshua Cohen,2015,395,General
5186794,4.30,Aleksander Zirnask,10,1,General
609209,3.79,Horacio Castellanos Moya,2962,434,General
698276,3.54,Roger Mortimer,1353,148,General
555228,4.13,Sasaki Shonen,472,17,General
7244325,4.26,Allie Everhart,27876,1265,General
13926145,3.00,Ieva Rozentale,7,3,General
163331,4.07,Tracy Groot,2080,500,General
4104142,3.68,Olivia Howard Dunbar,529,52,General
53280,4.50,Zao Wou-ki,12,2,General
67440,3.11,Rachelle Edwards,211,28,General
1012225,3.88,Scarlett Johansson,392,103,General
36008,3.76,Byron Barton,7884,1026,General
4149659,3.03,jyrn ghn,64,7,General
5574,3.95,Janet Luhrs,1005,112,General
74112,3.62,Hannah Murray,652,99,General
13917459,4.32,Ann Clement,22,10,General
3054391,3.71,Andreas Karkabitsas,902,40,General
62056,3.84,Phyllis McGinley,676,130,General
7305101,3.56,Kafa Al-Zoobi,54,11,General
6893118,4.15,Marchella FP,1094,156,General
7214492,3.97,Elisabet Benavent,22935,3017,General
8368173,3.73,Glynis Oliver,612,51,General
8179095,2.00,Moon Terra,1,1,General
8179097,2.00,Annisa J. Moezha,1,1,General
1756302,4.21,A.E. Glover,14,5,General
14549623,4.00,Llewellyn Falco,4,1,General
15257836,3.33,Gloria Keeley,6,3,General
38721,3.81,Max Aub,855,106,General
5024940,3.92,John D. Wilsey,26,11,General
334001,3.17,April Kihlstrom,476,65,General
1860,4.17,Walter Benjamin,31185,896,General
4717329,4.47,mHmd lmwswy lshyrzy,352,31,General
4859144,4.08,Ramapada Chowdhury,189,8,General
3119589,2.20,Ani Palacios Mc Bride,5,1,General
6511541,4.55,Karen   Williams,11,2,General
49209,3.55,Shannon Donnelly,1501,152,General
98178,3.79,W.E. Bowman,1382,168,General
1499302,3.64,Alisa M. Libby,1756,284,General
684517,3.26,Elle Eggels,295,44,General
6559760,3.45,Sade Loponen,107,28,General
571424,3.56,Christy Ann Conlin,337,55,General
4590054,3.60,Markku Pakkila,488,77,General
5787005,4.50,mHmd Sbry ldly,10,1,General
555180,4.26,Sergio Toppi,849,139,General
14848202,3.68,Prabhu Dayal,296,14,General
267770,4.27,Steven Rinella,3262,359,General
1257021,4.07,Nell Fuqua,28,8,General
200689,3.81,Peter N. Carroll,168,18,General
5441522,4.24,Hugo Americi,179,24,General
470364,4.11,Judy Horacek,8338,876,General
14566802,1.00,Fernando Garcia Rosales,1,1,General
5732950,3.66,Extasy's Mind Collective,29,1,General
310597,4.21,Grace Moore,1473,30,General
15383193,3.70,Mark   Fisher,1798,184,General
4948791,3.86,Michael  Barclay,7,5,General
355492,3.98,Alan H. Sommerstein,7782,217,General
5368299,3.20,John             Harris,20,3,General
150982,4.28,Bob George,621,82,General
25895,4.23,Rick Darke,773,101,General
57259,2.83,William Hill Brown,277,25,General
15935986,4.50,Allie Slocum,2,1,General
7112340,4.10,Valeria Chamon,31,3,General
80131,4.07,Deborah Madison,19837,1190,General
34121,3.61,Ann Heinrichs,511,131,General
7751480,3.69,Adria J. Cimino,690,197,General
6888737,2.00,Docuroir Rijmond,1,1,General
14970673,4.15,Ashleigh Reynolds,47,20,General
480253,4.06,Steve Sheinkin,27867,6077,General
213331,4.14,Harry Whittier Frees,50,9,General
3962620,3.20,William H. McBurney,41,7,General
1229281,4.18,Jason Reynolds,28171,6479,General
504196,4.24,Stan Jorstad,17,3,General
1203736,3.94,Oliver Wendell Holmes Sr.,2548,291,General
3932557,4.10,Peter S. Lynch,7666,122,General
1015722,3.67,Kathleen McCleary,1968,326,General
34068,3.76,Asaf Hanuka,2206,339,General
1047356,3.88,S.J. Day,10740,697,General
532801,4.42,Beverley Gooding,19,5,General
5040246,3.71,Ida-Marie Rendtorff,371,18,General
2923990,4.06,mHsn slymny,915,90,General
7498531,3.92,Tara Keogh,51,27,General
7948247,3.92,Kate Hennessy,248,62,General
78728,3.85,Jay Faerber,8603,698,General
15402819,3.56,Friederike Ails,974,149,General
1966614,4.30,Andrew Barrett,1302,439,General
6876119,4.38,John Gregory Hancock,425,180,General
2943092,4.06,Barbara Galler-Smith,114,23,General
211502,4.10,Bill Barnes,4632,567,General
7136952,3.74,Inti Carrizo-Ortiz,23,10,General
849902,4.04,Caroline Fontaine-Riquier,28,7,General
378952,3.82,Bob Berry,272,30,General
8283885,4.41,Sarah    Read,224,88,General
2774632,3.72,Manuel Mata Alvarez-Santullano,915,177,General
7747,3.80,Jo Frost,2315,328,General
48699,3.75,James Eade,587,48,General
8705232,3.82,Dzhozef Makkormak,11,4,General
16465938,4.75,AppleAtti,4,1,General
15997433,4.45,Hwang Youngchan,51,6,General
778623,3.62,William Elsey Connelley,94,8,General
1024014,4.25,Mohini M. Chatterji,8,2,General
14405094,4.67,Bruce A Lowe,15,5,General
460779,3.15,Hugo Gernsback,245,43,General
381682,3.73,Tom Ward,85,11,General
7039834,4.22,Juli Bauer,1192,92,General
6171730,3.28,Joe Ahearne,515,62,General
7581445,5.00,Karen Fillmore Nave,1,1,General
6427381,3.27,Isabella Olivia Ellis,44,20,General
13668219,4.67,Karolyn Vreeland Blume,3,1,General
9664593,4.44,Shaakirah Medford,110,18,General
15935504,3.57,Haley Harrigan,338,158,General
11185243,3.49,Praveen Asthana,124,85,General
549854,3.26,Bernard V. Zandy,34,4,General
610839,4.16,Doris Sloan,44,8,General
5287816,2.88,John Lucke,259,27,General
343715,3.91,Martin Weiss,159,16,General
4604050,5.00,Collin Babcock,4,1,General
5840927,3.78,Danni Keane,1623,414,General
7801974,4.14,Justine Winter,444,87,General
347176,3.95,Adam Clymer,60,9,General
975832,4.52,David L.,106,44,General
16157515,3.74,John    Russell,202,33,General
2298732,3.88,Tony Beesley,16,4,General
3379282,3.45,Beverly Langland,228,24,General
16120794,5.00,Alynne Rooker,1,2,General
709884,3.94,Thomas Stegers,645,66,General
14230672,3.76,G.S. Denning,1298,273,General
7086938,3.77,Diego Alvarez Miguel,80,24,General
7694076,4.52,Randall Lemon,135,67,General
14012261,4.15,Fatima Shaik,685,43,General
4456693,4.20,Candace C. Bowen,450,81,General
6510328,3.59,Ashley Myhre,101,8,General
6707245,3.97,Emily Gray Clawson,247,84,General
278841,3.90,Elizabeth Kata,929,107,General
1197128,3.04,Leif Eriksson,186,25,General
6148852,3.35,Erza Setyadharma,20,2,General
16935211,3.53,Tomasz Marchewka,36,10,General
7249883,3.74,Daxiong,104,17,General
5991954,4.80,F.J. Nanic,10,3,General
574105,3.95,Holman Wang,2672,439,General
44779,3.94,Susan Bordo,4251,476,General
1094582,3.75,Eddie Wright,183,45,General
1534797,3.50,Mads Stage,10,1,General
16423292,4.50,Adem Bilgic,2,2,General
15095061,4.18,Logan Chance,5277,1815,General
3076824,3.74,Andrea G. Labinger,516,84,General
4414136,4.02,Sharon Delarose,738,193,General
53353,3.33,Katharine Weber,3047,607,General
4033082,3.48,Cherie van Gelder,977,74,General
210536,3.96,Edward M. Cifelli,966,100,General
105603,3.98,Lynn Redgrave,1174,203,General
14738552,4.11,Mia Goodwin,6474,782,General
53530,4.03,Rien Poortvliet,26875,447,General
16096662,3.96,Rick     Anderson,25,5,General
16147662,3.56,Marti Robb,9,3,General
1373756,3.90,`ly SHby,70,20,General
8310361,3.53,Gerry Pirani,57,24,General
311425,4.04,Alastair Graham,229,50,General
5177310,3.25,Gerard Donkers,4,1,General
3034123,4.29,Gordon Highland,285,77,General
49201,3.86,Steve Neal,198,32,General
8568466,3.00,Caroline Lott,1,1,General
6483061,3.78,Rochelle Maya Callen,613,143,General
12260645,4.33,Birnbaum Guides,294,30,General
7824729,3.25,mHmds`yd Hnyy khshny,12,6,General
154711,3.77,Patricia Lauber,1511,280,General
5798025,3.92,Povy Kendal Atchison,238,25,General
34683,3.69,Pamela Aidan,28481,3338,General
14258977,4.00,Alzbeta Komrskova,29,7,General
4458590,3.62,M.J. Scott,6781,765,General
5822839,4.04,Ivan Rusilko,2042,381,General
7700620,4.23,Mia Hopkins,545,344,General
267889,3.42,Stefan Gates,186,42,General
4946676,3.85,B.K. Sherer,472,39,General
754641,3.95,Henry Fountain,364,104,General
185814,4.17,Dave Isay,8902,1750,General
63904,3.60,William Hoffman,367,65,General
3132971,3.93,ekswdii,70,19,General
4425883,3.54,Christiane Lemieux,464,61,General
4353667,3.38,Wimberg,119,5,General
7813198,3.67,Robert  Tobin,21,7,General
14649736,2.50,Mila Efema,6,6,General
150274,3.76,Sue Swift,172,31,General
7045521,3.11,Nils Schou,61,2,General
7578975,4.27,E.B. Tatby,22,11,General
15482070,4.45,Digital Art Chefs,489,49,General
1346862,4.67,Gary McDonald,3,2,General
5378743,4.59,Michael Vanlaningham,117,4,General
15816916,3.93,Rebecca Entel,30,15,General
5433,3.79,Josie Brown,19092,1718,General
7084753,3.36,yhb s`yd brhym,39,4,General
7213197,3.50,Jen Brooks,767,214,General
16968529,5.00,maasudul kaadir,1,1,General
14848673,3.00,Pietro Rebecchi,1,1,General
2051437,3.75,Rachel West,551,91,General
15180726,3.20,Max C. Payne,25,17,General
134330,3.42,Hans-Georg Noack,1076,60,General
6907386,3.50,Whitley Silance,2,1,General
166375,3.62,Richard Killeen,334,48,General
286291,3.99,Nancy Radke,2006,320,General
990947,4.09,Stuart Diamond,1928,160,General
8568630,3.60,Juan Calamares,47,9,General
5388148,4.30,Janet Mock,7306,847,General
27903,4.20,Marie-Louise von Franz,17434,634,General
13948814,4.20,Toby MacNutt,85,27,General
2898432,4.18,Adelino dos Santos Rodrigues,289,22,General
4532827,3.34,Eve Mayer Orsburn,29,6,General
1085900,3.25,Bob Rockwell,8,2,General
13574445,3.57,Dreda Blow,14,3,General
17389,4.00,Barbara Ertter,1,1,General
5816811,3.94,Tony Valenzuela,1208,151,General
16113188,3.60,Robert  Banks,388,53,General
6868320,3.29,Sofia Vitalle,34,14,General
2988149,3.67,Kristen Chandler,3429,701,General
118143,3.48,Paul Shepheard,83,6,General
5601659,3.47,Varis Yolciyev,136,6,General
410153,4.26,Margaret Evans Price,182,41,General
1196228,3.43,Frederick Hitz,30,6,General
2919908,3.04,Sarah Axten,24,4,General
727702,4.15,Nico Orengo,3755,196,General
15061166,4.35,Lama Rod Owens,147,23,General
5768812,4.44,Micheal MacLiammoir,9,4,General
1094283,4.00,D.M. Thomas,7423,458,General
8200239,3.74,Cristina Prada,2442,293,General
4738337,3.97,Hideaki Hataji,33,6,General
234685,4.12,Nissim Mishal,5202,431,General
16728992,3.86,Sdq gwhryn,148,8,General
2068933,3.80,Jeffrey Penn May,120,55,General
7104470,3.00,Saint-Clair Stockler,7,2,General
7578185,4.71,Leigh Alanna,31,7,General
7578192,4.72,Bella Vendetta,18,4,General
7772033,3.33,arsh myny,3,1,General
7011306,4.20,M.F. Moonzajer,30,14,General
489429,4.53,David Pagel,34,5,General
516735,3.62,Sakti Wibowo,938,67,General
2978642,4.01,Salma,274,34,General
11404315,3.71,Mahsuda Snaith,79,28,General
930300,3.50,Nicole Schmidt,6,1,General
7646118,4.00,Shannon Cahill,29,18,General
5106032,3.47,Iun Aivide Lindkvist,30,4,General
88049,3.81,Jan L. Harrington,191,9,General
4463609,3.55,Pierluigi Porazzi,66,18,General
5602565,4.67,Mohammed Nabil Mouline,3,1,General
3625,3.54,James A. Hetley,1147,120,General
3466879,3.43,Clarence Leroy Andrews,7,3,General
9795863,3.97,Gerald L. Bray,1125,134,General
3015363,4.61,Anita Rodgers,28,13,General
5833969,4.12,Grace Amundson,207,9,General
549589,4.88,Phil King,8,1,General
15384638,3.00,ldaa,3,3,General
1131992,3.82,Dursun Delen,97,5,General
7154759,4.86,E.B. Hoight,7,2,General
41468,3.65,Julian Gough,1334,227,General
25733,4.04,Peter Sloterdijk,2565,201,General
6085647,4.20,Bill Thierfelder,25,6,General
1123145,3.94,Linda Huber,3033,401,General
458701,4.14,Lana Quintal,13438,603,General
9839903,3.98,India Marshall,85,11,General
1480697,3.79,Alison Murray,2262,470,General
15454110,4.50,Sayyid Abul Hasan Ali Nadwi,2,1,General
1070102,4.12,Christian Laval,80,11,General
3224323,3.00,John L. Hoh Jr.,15,8,General
191616,4.09,Larry Spargimino,67,6,General
6557673,3.08,Danielle Lewis,76,13,General
171624,3.82,Tony Morphett,56,13,General
5307861,4.29,Svetla Guncheva,7,3,General
176334,4.18,Isabell Monk,94,30,General
862909,4.30,Michael Siefener,1388,148,General
5078192,3.33,Philippe Riche,40,7,General
2668,4.21,John Calvin Reid,33,8,General
6941916,3.80,Loie Lawless,60,15,General
13946998,4.10,Sylviane Rue,567,82,General
5840450,3.00,Isaac Layman,1,1,General
4382536,3.75,J.M. Cartwright,3130,389,General
7075411,3.00,Jeanie Clemmens,2,1,General
4401606,3.88,Lisa Arnold,65,9,General
7083723,3.54,K. Renna,13,1,General
280530,3.99,Marcia Douglas,328,46,General
162588,3.87,Michael Rex,5190,881,General
667662,3.55,William Hanna,20,8,General
14554131,3.89,Abbey Clancy,71,21,General
7135488,4.12,Christina Ross,16238,1224,General
5230141,3.76,David Toomey,455,91,General
14158009,4.00,K.D. McQuain,37,23,General
46168,3.90,Della Rowland,393,37,General
16264642,4.49,Ashli  Vans,81,9,General
7366071,3.64,Alessandro Fullin,25,6,General
144842,3.96,George Sessions,263,24,General
426084,3.36,Steve Santagati,686,91,General
6420861,3.34,Munirah Rashid,108,25,General
5071945,4.09,Susanna Ernst,384,91,General
2932774,4.11,Schwartz,9,4,General
9757557,2.80,Jezzra Taylor,148,13,General
6420690,4.31,W. F. Lantry,16,6,General
73834,3.89,Daniel Greenberg,70,10,General
1111511,3.77,Kimberly Pauley,9278,879,General
201928,4.07,R. Kevin Hill,43,9,General
5132803,4.04,Lakshmi Menon,80,29,General
601679,3.88,Mike Nash,138,26,General
14844628,2.84,Joaquin Milhovich,265,31,General
5766968,4.13,Mariia Neikova,30,5,General
7374940,4.08,Laura  Chapman,463,195,General
6014999,4.00,G.G. Linton,2,1,General
5412060,3.02,Martin Jern,139,16,General
13287754,4.67,Elle Andrews Patt,43,19,General
6519460,3.75,E. Puettmann,8,1,General
252078,3.71,Thomas P. Rausch,114,15,General
76456,3.85,Geoff Danaher,54,8,General
2889947,3.58,Shahar Kober,732,172,General
7834523,4.07,A.M. Yates,1090,141,General
4475503,4.19,Valdis Celms,16,2,General
1174515,3.70,Marg Ruttan,526,21,General
141718,3.79,Nadia Nichols,104,14,General
7976803,4.27,Amy Quale,11,2,General
1111939,4.47,Borislav Pekic,3680,115,General
3220169,3.85,Wagner Homem,136,10,General
267429,3.88,Daniel Garber,5106,49,General
7339229,4.10,Haven Francis,567,134,General
714860,3.91,Jacques Suffel,22,2,General
14903705,3.79,Fiona  Davis,17618,2206,General
564511,3.18,Al Fasol,60,8,General
7566205,3.80,Ledra,83,48,General
3430180,4.31,Konstantin Simonov,507,16,General
4486707,3.87,Eliza Lloyd,1492,232,General
6642908,3.50,Diana Solomon,6,1,General
2983341,5.00,verbalskillz,2,2,General
4452439,3.88,Pilar Vazquez,288,25,General
7160259,4.14,Mike  Robbins,194,131,General
1039977,3.94,Luigi Amara,197,34,General
265405,3.77,Robert Priest,166,30,General
16880948,5.00,Jessica Riberi,1,2,General
2741991,3.91,Vincent Lauzon,22,5,General
6521293,4.47,Jasheem Wilson,698,84,General
9831120,4.38,Dan Fiore,66,10,General
872358,3.70,Gadis Arivia,189,16,General
7466412,4.19,Kris Powers,48,5,General
246155,3.69,Elizabeth Abbott,1199,169,General
5662057,4.23,Kim Hyun Hee,630,70,General
1702303,2.89,Ruslani,9,1,General
13935786,3.00,Evanille,1,1,General
4631558,5.00,Rosita Boisseau,2,1,General
6480138,3.71,Rokvels Kents,14,4,General
4529238,3.54,Mastura Abdullah,59,14,General
7151199,3.67,Adam Grandberg,3,2,General
3948807,4.10,Victor Shklovsky,1020,116,General
16277058,4.08,Lee  Harrington,1033,97,General
142235,3.55,Taj Mahal,44,10,General
472165,3.95,Andrew Losowsky,137,29,General
489063,3.81,Neel Burton,400,55,General
688179,3.68,Farzana Shaikh,187,19,General
13259838,3.61,Tinto Selvaggio,82,18,General
32444,4.09,Valerie Mason-John,91,11,General
4829145,3.23,Marc Verhaegen,462,5,General
3365717,3.83,Achim Buch,108,18,General
6973962,2.20,Olga Pavlova,5,1,General
550093,3.79,Carol J. Rothgeb,286,41,General
6937628,4.10,iO Tillett Wright,805,139,General
360124,4.12,Heather     Rose,1445,227,General
8201571,3.84,Elene K. Tsamadou,211,28,General
7259296,3.99,Kate O'Reilly,341,108,General
6424365,4.00,Ricardo Sousa,10,2,General
868511,3.55,Kelli Deeth,47,10,General
70554,3.54,Francois Craenhals,552,37,General
1095571,3.77,Heather Reyes,202,57,General
16680747,5.00,s`yd mHmd lsyby,2,1,General
30796,4.30,Hans Urs von Balthasar,3152,276,General
4795953,3.85,Tracey Mathias,55,7,General
205154,3.62,Christopher Berry-Dee,2605,228,General
8271050,2.85,Iris  Black,130,17,General
4076973,3.73,khyry Hmd,223,42,General
1848237,4.00,David Cranmer,307,69,General
14674026,3.23,Xel-Ha Lopez Mendez,13,6,General
13927448,2.50,Jose P. Serrato,6,3,General
7584061,4.56,Ruth Reid,36,9,General
99657,3.76,Judith Fetterley,124,14,General
612507,3.74,James Knapp,1191,287,General
3050075,4.09,Basiles Papabasileiou,43,5,General
14788920,4.63,P.M. Hernandez,41,28,General
7797115,3.50,Dorian Greyhound,10,5,General
14737140,3.00,mHmd GlmrDyy,3,1,General
3105671,3.87,Charles Pellegrino,3871,556,General
5131942,3.92,fwd Sdqyn,12,1,General
7415855,4.14,Maggie Jaimeson,143,85,General
432658,4.37,Fred Moten,579,61,General
7012739,4.26,Daniel  Taylor,293,29,General
7519261,3.77,Yahweh's Restoration Ministry,109,13,General
97223,3.99,Fintan O'Toole,679,78,General
4877384,2.67,A. Koszul,3,2,General
2115855,4.10,Lori Bell,141,20,General
4514867,4.31,Cynthia Austin,99,61,General
58543,3.69,Jeremy Seabrook,186,26,General
7183897,4.50,Randa L. Zollinger,4,3,General
511107,3.40,Christine Eickelman,5,1,General
6976353,4.07,Edward P. Cardillo,165,30,General
1739591,4.03,Snooks & Co.,33,5,General
1384439,3.55,hnynG mnkl,104,19,General
2853530,4.00,myry dlnsh,7,1,General
3110785,3.99,Nikolai Tellalov,862,103,General
33077,3.81,Ken Hills,21,4,General
7211773,4.36,Tom Reinhart,91,36,General
7171206,3.72,J. Edward Paul,39,11,General
887315,3.71,Kelly Green,219,81,General
219328,3.87,Drucilla Cornell,251,26,General
13778873,4.48,Peggy Trotter,97,31,General
1176380,3.57,Nathan N. Prefer,47,5,General
10781369,4.50,Charlotte Hains,18,15,General
205984,3.82,Brian Fies,1344,176,General
3172750,2.67,Matt Kirkby,3,1,General
5784112,3.87,Kristiina Wallin,68,8,General
3337260,4.84,Pamela Swyers,31,2,General
853553,3.52,Rafal A. Ziemkiewicz,1956,53,General
15420587,3.75,Violette Vernier,4,4,General
1029613,4.30,Tim Kompas,252,45,General
3906470,3.95,Stewart Cubley,148,17,General
1914996,3.83,Alex Perry,374,62,General
3942435,3.78,Linda Glass Fechter,67,12,General
1594789,3.12,Derek Yetman,8,4,General
3378766,4.25,Clare Summerskill,8,4,General
332966,3.88,Graeme Gibson,597,83,General
4847949,3.79,Jeff Calhoun,19,1,General
5353451,3.62,Helena Cesar,13,1,General
13460474,5.00,Peg Cheng,2,1,General
6277776,2.00,Bhatupe Mhango,1,1,General
15254487,3.73,Elliot Wake,11812,2376,General
1400299,3.67,Steve Milloy,116,30,General
38876,3.73,Penny Boumelha,2268,167,General
2048618,3.00,Dixie Partridge,3,3,General
6571170,3.75,Grant Boshoff,237,64,General
99270,4.00,Paul Hamill,31,3,General
514247,3.71,Jana Frey,1880,71,General
5445830,4.12,Amanda R. Browning,608,101,General
3040189,3.79,Meghan Shinn,38,9,General
1823051,3.58,Lisa Andel,341,25,General
2899242,3.70,Ursula C. Sturm,420,48,General
661027,4.08,Marianne Thamm,530,71,General
696185,4.06,Yuki Kure,15325,301,General
4475831,4.27,Nicholas Frankel,1111,117,General
255179,4.34,Jayne Cortez,131,11,General
17281326,4.02,Nicolas  Olivier Pujol,64,9,General
513299,3.86,Evelyne Reberg,204,8,General
263082,3.69,Marguerite Sechehaye,420,49,General
7244118,3.67,mHmd zr`,6,1,General
1107861,3.12,David Bajo,339,96,General
222439,3.69,Anne Donovan,1794,256,General
8148800,4.41,Trevor Halliday,22,11,General
4436641,4.33,'Hmd lmrzwqy,1365,268,General
5281359,3.64,Anna Busquets,11,2,General
15186080,3.64,Phyllis Ohanian,22,4,General
10801227,4.17,Martina Vacheva,18,5,General
242799,3.78,Douglas Orgill,156,19,General
2091068,3.90,Irene Sandell,52,14,General
6461058,3.50,Svetlana Adonyeva,8,2,General
1108344,4.13,Mark Anthony Rolo,60,12,General
237593,3.86,Helen  Armstrong,14,3,General
8243419,4.33,Ian Webster,12,5,General
7716164,2.00,Mr V,1,1,General
4769690,3.93,Francesco Sircana,43,11,General
444954,4.38,J.A. Rogers,1663,79,General
652859,3.84,Emerald,1204,190,General
16040867,4.00,John F. Simon Jr.,5,2,General
8295574,4.19,Susan Correll Foy,36,9,General
5622154,4.02,David Thomas Moore,324,77,General
2934617,3.80,Ormonde de Kay Jr.,61,10,General
16360452,4.00,J.TRAPP,6,1,General
296788,3.75,Doris Miles Disney,398,62,General
767855,3.60,B. Borssuck,5,2,General
572036,4.18,Soledad Lacson-Locsin,3916,114,General
48224,3.85,Javier Reverte,1309,152,General
7369425,4.11,Joel Horn,134,41,General
122964,3.78,David Cottrell,2231,278,General
434980,3.86,Stephen Belcher,85,10,General
858671,3.70,Paul M. Franklin,152,12,General
309356,3.94,Alison Brackenbury,33,5,General
68541,3.39,Garry O'Connor,135,30,General
440749,3.46,Jeff Barr,68,13,General
5278438,3.68,Jolyn Palliata,2352,343,General
5779274,4.32,Orestes Manousos,105,7,General
2777000,3.65,Sote Triantaphullou,3512,221,General
7174763,3.50,Nick Toren,4,1,General
3421398,3.64,Susana Vallejo,700,169,General
17202617,3.56,Fabulas de Albion,39,18,General
266523,3.55,Suzanne Ferrara,11,2,General
533493,3.79,Julian Bennett,38,5,General
1200917,3.36,Alessandro Defilippi,286,33,General
6432323,3.00,Isaiah Weatherspoon,8,4,General
106654,3.87,Celeste Brash,752,44,General
7459168,4.38,Amber Cavalier Spiler,21,13,General
11760,3.56,Russell Davis,1422,170,General
6158874,3.71,John H. Hanzl,7,2,General
28790,4.07,Michael Tobias,437,69,General
19499,3.14,Phil Hellmuth,1277,53,General
100789,4.01,Larry Schweikart,3840,398,General
318700,3.47,L.A. Stamford,79,13,General
13986918,3.74,Shi Tian Yi Liang,110,11,General
5616676,4.33,Ani Burova,3,1,General
9819383,4.80,Maria Martinez Jimeno,5,2,General
166582,3.99,Christopher Morris,538,42,General
7875308,2.93,Farha Jalila,58,15,General
1430575,3.14,Jose Luis Correa,105,11,General
219401,4.00,Richard Woodward,5,2,General
4932524,3.83,M.S. Corley,544,111,General
1083565,3.48,Joe Orsak,21,4,General
5616325,3.25,Kelly  Fitzpatrick,87,11,General
14551035,4.62,Cleo Kelly,8,6,General
14730885,4.10,David  Grove,176,9,General
6617646,3.44,Oran Burke,39,25,General
7148211,4.75,Ogyen Trinley,4,1,General
749856,3.85,John J. Stephens,157,15,General
5451388,4.35,Allison D. Reid,48,21,General
16041804,3.25,Arin Fong,12,2,General
15711302,3.00,"Marc Weissbluth, MD",2,2,General
345196,3.39,John Hardman,74,11,General
889,3.67,Phaedrus,178,16,General
442524,4.24,Lawrence Booth,287,24,General
5450659,3.90,Harrap's Publishing,31,5,General
7324984,3.58,Nolan Radke,97,7,General
1052402,2.00,Anne Koark,2,1,General
5012232,4.56,Nathan Marchand,18,3,General
5438837,4.26,M.K. McClintock,809,231,General
1216767,3.47,Kira Henehan,191,56,General
308423,3.75,Robert Aunger,396,28,General
185914,3.45,Catherine Deneuve,125,22,General
651340,3.66,Timothy J. Anderson,96,26,General
7617636,4.00,P.S. Hope,2,2,General
138071,4.06,Kerry Max Cook,268,29,General
6557328,3.77,Vladimira Becic,275,57,General
321127,4.03,Gregory J.W. Urwin,110,14,General
9820623,3.79,Chris Stoesen,57,15,General
9378,3.69,Margaret Shepherd,1115,165,General
7361024,3.00,jwzf nSr llh,1,2,General
13909981,3.73,Rooney Buchemi,163,34,General
358766,3.67,Tony Lambrianou,124,8,General
13923279,3.53,Melissa  Bailey,166,69,General
8268937,4.20,Rick Tetzeli,9813,655,General
15721351,3.62,Slavo Mlady,24,9,General
15294276,3.74,Gillian Burke,43,18,General
11620419,3.66,my `Sm,310,96,General
12995142,3.66,Anna Waterhouse,3664,689,General
14160541,3.85,Dana Arnim,34,16,General
7056748,3.71,MaryAnn Kempher,411,108,General
2063587,4.25,Lucy Kimbell,32,3,General
3941953,3.69,(null) Cast,16,4,General
83682,4.01,Dale Spender,310,34,General
344597,4.00,James Skofield,2326,160,General
896587,3.71,Anne O'Connell,1498,111,General
2760292,3.44,Imam Robandi,9,5,General
783478,3.75,John James Peereboom,12,3,General
8338618,2.75,Lopita Bhakta,312,43,General
2919468,3.68,Fiona Wilde,204,87,General
3271990,3.90,Thomas LaRock,41,7,General
4956997,3.93,Brendan Mathews,1585,242,General
26601,4.34,Willy Lindwer,15495,136,General
8415866,3.89,"Wakefield, Dan",44,9,General
3070499,3.92,Keoni Teta,447,46,General
1698814,3.47,Mitsuko Maeda-Nye,15,2,General
152786,4.08,Tom Porter,114,5,General
4548662,4.12,RanDee RedWillow,16,4,General
6341768,4.14,Constantin M. Popa,7,1,General
2905916,3.44,Fran Cusworth,139,29,General
3506899,4.10,Ren Adams,29,18,General
5402971,4.48,VaneCaos,97,27,General
15801370,4.08,'Hmd  `thmn,145,41,General
8163107,3.98,Adam  Copeland,1105,71,General
81750,3.39,Nicole Ball,231,37,General
250223,3.63,Ernst van Altena,156,14,General
793210,4.26,Thomas Fall,34,7,General
1993866,4.20,B. Jensen,5,1,General
3997922,3.40,Tony Manera,50,23,General
16389923,4.43,Jesse Lindberg,7,6,General
8276645,4.18,Joe Friesen,166,29,General
651471,4.04,Ken Stark,145,31,General
1127673,3.54,Yoann Guillo,85,6,General
3147695,3.80,Maria Stewart,10,2,General
12400530,4.38,Veronique Molenat,8,1,General
5200250,3.86,Amy Laurens,314,69,General
3871069,3.86,Seabury Books,36,5,General
14705647,4.91,Yosbe Design,22,14,General
13492,3.75,Brian Halweil,128,14,General
15112750,5.00,Nicole Hackett,1,1,General
204933,4.06,Sorita D'este,1830,149,General
15048780,5.00,Carmen Tufariu,1,1,General
16484703,4.40,Scott Delaney,5,3,General
1603635,4.42,Eric Friedler,26,3,General
454459,3.77,Thomas Dring,13,3,General
24186,4.05,Haddon W. Robinson,2330,108,General
2732848,3.46,O. Solihin,210,22,General
584354,3.98,Marta Fabrega,171,45,General
6028894,4.13,H. Albertus Boli,15,3,General
174781,3.61,Pauline Fisk,530,70,General
5566176,4.13,Papercutz,38,4,General
6457183,3.98,Laura Palese,66,7,General
6939085,4.06,Danuse Navratilova,67,11,General
116985,4.05,Joy Davidson,2808,146,General
370306,3.95,Joachim Jeremias,257,41,General
1376831,4.55,Victoria Kay Lieffring,40,16,General
3091854,3.79,Wace,139,11,General
15064258,3.00,Horance Kephart,3,1,General
129972,3.85,Marilee G. Adams,1038,130,General
114260,3.99,John Chapman,252,40,General
171626,3.66,Doris Pitkin Buck,108,22,General
6908614,3.86,Lisa Scandrette,181,31,General
2510599,3.00,"Ilyas, Yohanisoen",4,2,General
2692080,3.26,Jamaica Layne,157,42,General
8521742,4.23,Tonya Coffey,64,57,General
7662424,4.29,John N. Findlay,7,1,General
3463839,5.00,Edicao Pastoral,2,2,General
792283,3.76,Cathryn J. Prince,190,70,General
6428028,3.85,Jennifer  McGowan,3648,483,General
3516093,3.66,Rumi Sato,180,37,General
544248,3.00,Don Kimball,6,2,General
47252,4.49,Don Ferguson,21981,127,General
5660379,3.87,Rebecca Chastain,2893,446,General
990474,4.11,John P. Briggs,542,55,General
5385700,4.45,Shane B. Lillis,74,2,General
4839311,4.26,Linda Nightingale,85,60,General
2629896,3.72,Harry Dolan,7938,1415,General
14159520,5.00,J.P. Roff,1,1,General
16212317,4.50,Tatiana Ramos,6,6,General
5552759,4.11,Hardy Kruger,35,7,General
6557795,4.42,Andrea Saga,330,129,General
45913,4.16,Howard G. Hendricks,1631,122,General
6293,4.34,Peter J. Reed,28014,230,General
14982824,5.00,Sir Jackie Stewart OBE,1,2,General
4392608,3.42,Iulia Bodnari,53,8,General
5448385,4.90,Angelle Scott,21,4,General
13983958,3.70,Gracie X,66,24,General
8508685,4.03,Gibson Michaels,152,14,General
16462872,3.83,Christian Martins,130,18,General
4949072,3.47,Jay Mazza,17,2,General
15856916,3.88,Nagoya Shiga,8,1,General
9290669,4.26,Taya Kyle,3266,397,General
1021931,3.89,J. Jefferson Reid,19,4,General
12882413,2.86,Jared Hansen,7,1,General
5823478,4.07,Blue Flute,117,39,General
13622835,4.00,Grimm's Complete Fairy Tales,5,3,General
7707548,4.05,Hawthorne Publishers,254,45,General
6202631,5.00,Rosemary Davey,1,1,General
1330405,4.02,Bruno Concina,57,3,General
5850722,3.64,Tonya Pines,163,19,General
3452501,3.50,Sindee Lynn,199,20,General
253443,3.56,Robert Wheeler,16,3,General
908729,3.32,Alfred Bekker,492,30,General
8187872,4.10,Dzhim Tomps'n,10,2,General
2907839,3.33,Raul Argemi,80,13,General
166165,3.71,Jerry Scutts,266,14,General
6581812,3.72,Zonan Villa,39,11,General
13901494,3.50,Khultumtaib,14,8,General
26860,3.88,Shay Youngblood,1250,143,General
1089552,3.94,Susan Levine,90,10,General
1254008,3.60,Lisa Flather,85,19,General
2768010,3.69,Isham bin Muhammad asy-Syarif,13,3,General
5335068,4.26,Petru Iamandi,125,11,General
9028343,3.53,Ian Corey,99,12,General
15285565,3.60,S.J. Epps,5,3,General
891552,4.27,Art Friedman,462,51,General
5822380,4.45,Anushree Nande,11,4,General
240381,3.75,Tammy Powley,255,18,General
4803187,3.86,Saori Oguri,161,23,General
484086,4.20,Brian Dorsey,10,4,General
4520163,3.19,mh Hsn,196,44,General
217759,3.52,Elisa Albert,5803,1006,General
2941486,4.06,Stephanie Osborn,670,74,General
7893547,4.03,Zsu Dever,87,8,General
5407274,4.34,Michael J.  Maher,1071,126,General
5046410,4.16,June George,228,22,General
355694,3.58,Helen Argers,65,10,General
319993,4.08,Graham Farmelo,3852,241,General
13574687,3.80,Talya Rubin,10,4,General
349910,3.66,Albert Jacquard,281,23,General
520867,3.77,Eve D'Ambra,61,5,General
13681768,2.55,Daniela de Luna,11,4,General
16819241,4.00,Helju Rebane,5,4,General
85761,3.78,Peter J. Heck,8149,304,General
13496783,3.25,L. Kirk,111,18,General
3059577,3.77,Michele Barrow-Belisle,665,106,General
979431,3.75,TIM REDAKSI VITA MIND,4,2,General
666771,4.08,Paul Petzoldt,26,8,General
45095,4.11,Chris Widener,1987,223,General
6456015,3.54,Magnus Flyte,11587,1778,General
409751,4.08,Elvio E. Gandolfo,3499,271,General
6996718,3.71,Ladislav Vaclavik,48,16,General
4372734,3.45,Jenny Hubbard,6310,1190,General
24383,3.51,Vicki Rozema,118,12,General
4108672,4.12,Shazzbaa,25,7,General
5829199,4.00,Andras Hangya,8,1,General
8392839,4.35,Danielle Fine,51,15,General
5771064,4.17,Gaelle Guerive,6,7,General
7280628,3.52,Jackie Uhrmacher,21,9,General
933045,4.12,Kate McCarthy,112,7,General
2968866,4.20,Jacob. A. Taylor,5,2,General
63182,3.91,Laurence Steinberg,725,101,General
142387,3.89,John Noble Wilford,446,44,General
6559932,4.73,Danielle Tremblay,51,31,General
5759417,3.36,Noel Baca Castex,1357,116,General
16614580,4.16,Amy   Marie,37,12,General
11211265,4.50,Logan Shearer,4,2,General
14426744,4.12,Ben Mendelewicz,16,1,General
131055,4.20,Stan Allen,115,8,General
6428004,3.59,Daniel Butler,357,50,General
1931864,3.33,Violet M. Methley,15,4,General
1396578,4.28,Marie Lecrivain,25,3,General
520463,3.92,Matthew Hyde,48,22,General
493562,4.13,Alexander Skidan,31,5,General
6065750,5.00,Thomas W. Atzberger,1,1,General
14223164,4.03,Robyn Bennis,452,140,General
1312870,3.96,John S. Drew,134,9,General
7536452,4.79,Robin Wiesneth,28,12,General
292526,3.78,Julie Cochrane,6544,104,General
4478589,2.50,Yudi Kravzov,6,2,General
8563285,4.42,pianoforeplay,12,2,General
3956535,3.60,Thomas Scott Mckenzie,158,29,General
4960347,3.88,Tiffany Lovering,164,32,General
696097,3.47,Arthur Martine,45,3,General
7007715,3.93,Eric O. Scott,15,5,General
5415305,3.95,Maulana Faris,251,42,General
144738,3.77,Maude Barlow,709,101,General
6994217,3.80,`bd lHmyd lHsn,95,22,General
17034052,4.75,Shar Barratt,4,2,General
5759680,4.00,mHmdHsyn flHzdh,32,3,General
79052,3.72,Chip Hughes,2061,228,General
7088845,4.11,'A'ishah Al-Ba'uniyyah,19,5,General
3199966,3.47,mHmdrD j`fry,60,5,General
6047133,3.90,Carol J. Loomis,1275,102,General
5834172,3.07,ywns bn `mr@,883,281,General
3384588,3.65,Nonier,1371,209,General
7223375,4.60,Dan Weidman,5,2,General
3104896,3.79,D.E. Wittkower,336,42,General
4891545,3.25,gy'wrg zysln,4,2,General
5628,4.21,Vinay Kumar,1869,92,General
414869,3.93,Hal Malchow,119,29,General
159532,4.65,Donald W. Burdick,161,19,General
2873264,4.33,A.H. Telfer,3,2,General
141541,3.87,Edward Marshall,1246,165,General
3348538,3.96,`lykhbr `lyzdh,102,13,General
19484,3.22,Antoine van Agtmael,125,17,General
4144188,3.82,Egor Radov,11,1,General
491232,3.83,James D. Sexton,60,4,General
16256412,3.33,Okke Nurtama,9,3,General
4701873,4.02,Stephen Kellogg,42,6,General
7350629,4.00,Josh Qualtieri,1,1,General
15010867,4.00,Hsyn slmny,1,1,General
452663,3.75,Elizabeth Henderson,142,29,General
253757,3.91,Jon Kolko,563,70,General
838043,3.75,Vicente Garcia Groyon,159,22,General
6919825,4.32,Jennifer Roberts-Hall,1558,203,General
7008584,3.87,Jacquelyn Dodd,62,3,General
328067,3.96,Paul Oskar Kristeller,231,22,General
6525766,4.00,Shana Thornton,28,8,General
5167426,4.19,Kaie Golson,248,18,General
2909355,3.91,Lynn Michals,1708,17,General
14709026,3.67,William H May,3,3,General
7684007,4.50,Jerry Hammack,2,2,General
7111686,3.19,Kim  Savage,2303,639,General
5617459,3.82,Unknown Author 619,22,4,General
2315775,3.98,Norma E. Cantu,463,34,General
14556963,4.57,MaryJane Capps,14,9,General
523657,3.80,Roma Tearne,2140,300,General
14664915,4.40,Bruce C Hafen,20,6,General
9814567,4.33,Rafael Peroni,3,3,General
14755716,4.56,Jennifer Rose McMahon,115,69,General
626525,4.00,Toshi Yoshida,19,3,General
5825318,4.50,Adrian A. Gerbrands,2,1,General
13560002,4.26,Lilith K. Duat,27,26,General
3515377,3.58,Ginny Glass,525,123,General
4078288,3.15,Bernie Mcgill,1508,308,General
3505109,3.42,Artful Doodlers (uk),36,3,General
13592900,4.37,Amanda Tero,369,269,General
1255792,4.14,Erica Brown,225,59,General
3922576,4.03,World-Famous San Diego Zoo Staff,34,5,General
3997,3.70,Thomas Maier,2588,349,General
8188102,4.90,Iris De Anda,10,3,General
2997813,5.00,Shanaya B. Fastje,1,2,General
2333528,3.35,C.J.S. Hayward,23,4,General
159814,4.08,Dianne Dumanoski,685,83,General
7264912,4.22,Nick  Richards,36,22,General
7153273,4.07,Naina Kamal,15,2,General
17022706,4.43,Katherine Elizabeth Clark,21,16,General
507157,3.64,Deanna Favre,475,97,General
269922,3.95,Sparky Lyle,1246,50,General
765899,3.42,Darrell Bricker,245,46,General
14554052,3.96,The Fictitious Five,23,15,General
14199977,4.00,Helmi Schausberger,9,6,General
3397180,3.61,Kathleen S.W.,620,121,General
30594,3.50,Hiram Bingham,717,93,General
15292432,3.50,Umit Guclu,4,3,General
363984,3.96,Michel Laclotte,116,14,General
16015269,5.00,Douglas C McChristian,1,1,General
16722036,4.27,Dan  Rooney,22,3,General
1880579,3.78,Lawrence Fisher,23,13,General
14766729,5.00,Carleen Jamison,3,2,General
4057936,4.26,Toni Nelson,50,31,General
5828267,4.50,Daniel Gardina,4,1,General
121390,4.00,Barbara Cooper,291,33,General
7091171,3.78,Julianna W. Miner,1707,171,General
15943462,4.47,B.B. Miller,156,50,General
1375756,3.36,Flavio Soriga,317,32,General
2997468,4.10,Annalisa Daughety,1844,321,General
2754701,3.77,Philippe Cardona,124,20,General
5263927,3.09,Antoinette,22,9,General
393936,4.09,Caroline Frances Eleanor Spurgeon,64,9,General
232685,3.69,Geraldine Heng,26,2,General
6592270,3.93,Mark Bertolini,57,6,General
4541835,5.00,Kaname Okitsu,1,1,General
5729811,4.17,Lauren Woodard,6,1,General
102613,4.07,Carroll B. Johnson,85,5,General
7125140,4.12,Tim Jore,8,3,General
1373391,3.99,Krisztian Grecso,558,40,General
7095890,3.71,Katarina Kaila,188,14,General
232912,3.59,Jane Sarnoff,22,5,General
6121369,3.87,Gene Frazer,23,5,General
267735,3.75,Suzanne Romaine,248,29,General
57805,3.51,Peter Spiegelman,4642,707,General
9831367,4.00,Mike   Scott,1,1,General
3175921,4.00,Amanda Tieman,16,4,General
7979880,3.97,Kimberly Forrest,722,65,General
761234,3.21,Rafeeq Ur Rehman,14,1,General
1152177,4.20,Ernest Cruikshank,5,1,General
13142722,3.70,Lonardo Manco,164,30,General
5725203,3.87,Tomas Havlik,307,34,General
6420427,3.49,Ben Zhuang rie,249,16,General
266407,3.73,Grazia Valci,11,3,General
6768654,2.88,Samantha Kay,60,20,General
181862,4.00,Allan S. Hoffman,31,1,General
8197016,4.17,Daniel   Carpenter,23,4,General
15282346,3.79,Sara Blaedel,39,9,General
7170071,4.00,Ted Brusaw,2,1,General
2576350,3.48,S.G. Ganesh,92,8,General
4309,3.16,Kelly Harte,347,33,General
15648839,4.22,Kim Schultz,40,8,General
650298,4.04,vyNkttesh maaddguulkr [Vyankatesh Madgulkar],1414,50,General
745361,4.80,Larry E. Coleman,10,3,General
3247197,3.72,Dave Harfield,36,8,General
12877385,0.0,Perthes,0,1,General
6557044,3.83,Mikko Sarela,6,2,General
207507,3.33,Guillermo A. Sherwell,52,7,General
4051041,4.06,Una Vincenzo Troubridge,33,7,General
7504981,5.00,Paul F. Yeulett,1,1,General
16728346,3.20,Cinzia Nazzareno,5,2,General
193610,3.78,Tricia Suellentrop,108,19,General
8471576,3.44,Jose Ignacio de Arana,25,6,General
129669,3.81,Roxanne Klein,176,13,General
444060,4.07,Tim Biskup,185,16,General
2919182,3.76,Megan Whitmarsh,67,7,General
822514,3.83,Larry Allan,12,4,General
3101940,4.68,Neal Casal,81,11,General
4658172,3.53,Emily Hainsworth,2635,505,General
8158024,4.32,Zuzana Venglikova,31,16,General
5816608,4.35,Ol'ga Pavolga,77,4,General
1310217,3.37,Peter Kielland,49,5,General
7815378,4.17,Kendra Leah Fuller,6,3,General
6704799,3.88,Lindsay Woolman,24,2,General
2989289,5.00,Sturt Krygsman,1,1,General
164797,3.18,Brian Vickers,1394,78,General
84621,4.35,Daniel De Bruycker,49,7,General
13782115,4.75,Nathanael Myers,4,1,General
12275517,0.0,Athenagoras Athens,0,1,General
15347709,4.21,Noa C Walker,271,17,General
14912132,4.50,ywsf lklWm,2,1,General
6421635,4.12,Vidas Poskus,8,2,General
42170,3.90,Vladimir Voinovich,3640,225,General
2352048,3.63,Ellen Sowchek,730,22,General
6167075,3.83,Patsy Baudoin,158,27,General
14419170,4.88,Sureshika Piyasena,16,3,General
7234894,4.29,Dallas Adams,7,3,General
5124558,4.09,Svetoslav Nikolov,98,21,General
6869696,4.13,Roberta Capizzi,194,107,General
2759306,2.79,Dave Franklin,192,99,General
7413519,3.66,Stephen G.  Michaud,47,2,General
683769,4.00,Charles E. Hambrick-Stowe,30,5,General
5359052,3.68,Jorge E. Rodriguez,155,34,General
1029364,3.72,Carlos Lopez,283,29,General
512741,3.55,Kenneth Poolman,58,10,General
14611583,4.39,John David Bethel,31,24,General
6558050,4.31,Kristene Perron,189,58,General
2858595,3.64,Polly Lee,379,145,General
8266433,4.09,Zak Ebrahim,2346,391,General
7113547,3.95,Lorenzo Marone,984,226,General
476376,3.56,Louise de Vilmorin,163,22,General
4448826,4.36,Douglas A. Jacoby,66,12,General
9868419,3.00,Yue Guo,1,1,General
3448670,3.80,Kristina McGowan,276,35,General
6994379,4.20,Kevin Kwok,303,15,General
13310,4.11,Jake Eberts,57,3,General
468040,3.72,Paul VanDevelder,67,17,General
2158815,3.68,Antonio Ferrara,156,26,General
196341,3.83,Richard Gill,160,17,General
533900,3.54,J. Stephen Lansing,113,9,General
7261006,4.10,Bonnie Doran,31,17,General
139368,3.85,Leonard Felder,213,40,General
14930739,4.76,Nadia Drake,17,5,General
690084,3.93,Tony Britton,692,44,General
135810,3.78,Jim Becker,100,14,General
386190,4.03,Rosemary Clark,118,5,General
1180850,3.90,Jung Mo Sung,21,2,General
331509,3.98,Carolyn Godschild Miller,46,9,General
7804786,3.80,Sangeeta Bhadra,168,49,General
6482149,4.00,B. Doyle Mitchell Jr.,1,1,General
333883,4.25,Peter Wilkes,12,4,General
4991155,3.52,Tamara Mellon,705,110,General
292996,3.87,Kirk Byron Jones,149,26,General
464290,3.73,Linda Booth Sweeney,318,56,General
699745,3.59,Valerie Babb,22,4,General
8511575,3.38,Victor Hussenot,272,76,General
16408466,4.33,Amy  Lynn,12,6,General
1644433,3.67,Charlotte Hoffmann,43,5,General
5297299,3.48,Diego Zuniga,499,63,General
813838,3.49,Marjorie Quennell,65,12,General
2110837,3.38,Pete Kennedy,13,5,General
278725,4.25,Massetti,4,1,General
4563479,4.07,Tabitha Rayne,547,188,General
14555464,4.20,Elise King,76,36,General
14070690,4.29,DeWayne Twitchell,7,2,General
14827967,3.90,Garitt Rocha,93,10,General
7093768,2.90,Machie Umematsu,39,2,General
1219049,4.18,Simon Ponsonby,207,25,General
3225935,4.21,Tony Fejeran,1346,48,General
5813310,4.12,Anthony Boutard,25,5,General
7537319,3.69,Elia Winters,614,178,General
14694139,4.29,Roman Rops-Tuma,7,1,General
7629311,3.80,Harold G. Henderson,35,7,General
7091291,3.68,Cat Byrd,604,59,General
4078881,3.56,Anne de Gandt,9,5,General
6959088,3.85,Scott  McClellan,59,20,General
3242640,4.02,Kayden McLeod,249,47,General
364734,3.13,Philip Stephens,258,60,General
1321138,3.42,Chris Idzikowski,77,11,General
121695,3.85,Susan Hand Shetterly,297,65,General
7362892,4.40,Christy  Hall,5,1,General
2817225,3.48,Liuben Karavelov,2015,17,General
879479,4.51,Dean Lombardo,35,22,General
48931,3.68,Norman Solomon,274,32,General
1262330,3.73,Andrew Lawrence Henderson,26,4,General
7086937,3.50,Julianne  MacLean,28,6,General
14369211,3.90,Jill Jaynes,20,14,General
6820070,4.06,Lizzie Lane,658,64,General
9830603,3.88,Peter  Richardson,210,43,General
682700,4.54,Anthony Fields,352,41,General
4116567,3.70,Robert J. Duperre,3272,355,General
8472228,4.88,Farsheed Kheirabadi,34,4,General
11883099,4.20,Aimie K. Runyan,313,164,General
16008466,3.94,Radu Haulica,32,5,General
1599547,3.62,Lucy Fallon,21,2,General
14068515,3.17,Ashley Henley,75,14,General
1243595,3.87,Nick Twemlow,950,107,General
8435531,4.25,Gianni Nebbiosi,4,1,General
5543984,3.16,Tomoka Shibasaki,123,38,General
1089205,3.67,Eberhard Konig,30,1,General
103861,3.79,William Aspray,183,27,General
6554147,3.63,Roberta Gillis,224,42,General
16309211,4.74,Lona Manning,27,18,General
15712856,3.33,Wendy Halperin,3,1,General
8277539,4.50,Lorayne Evangelyn Ham,2,1,General
575666,4.28,Julia Taft Bayne,32,10,General
3118157,4.03,Joseph Holt Ingraham,59,9,General
96962,3.58,Sharon Newman,188,22,General
7016651,3.76,Mark Alder,568,105,General
106519,3.98,Bruce Pearson,293,17,General
3053694,4.05,David Raffin,193,48,General
8394922,4.19,Rita Chuva,37,8,General
16252239,3.60,Martha Palau,5,2,General
706466,3.32,Nigel Atherton,22,6,General
3892584,0.0,Bruno Papirmeister,0,1,General
9762006,3.94,Avery Reed,197,35,General
2943580,4.17,David Wingfield,6,4,General
7015212,4.50,Bonya Ahmed,80,9,General
5120829,4.09,Fatin Nabila,937,53,General
446104,4.10,Sam Cook,135,17,General
1036498,3.14,Claire Corbett,36,10,General
4343231,3.79,Erik Moore,114,24,General
14187225,3.72,Tom  Wilson,226,31,General
13933875,4.50,Utpal Chaudhuri,2,2,General
3458081,3.86,Soner Yalcin,2868,103,General
2900,4.07,Hans Blumenberg,266,13,General
5818090,4.57,Solomon Woytowich,21,6,General
841423,3.90,Denis Bodart,420,56,General
3932808,3.92,James T. Araki,101,10,General
9873639,3.95,Clara Madrigano,61,16,General
741297,4.12,Katie Kelly,97,16,General
16354792,0.0,Angelo Illuminati,0,1,General
182951,3.96,Hildred Geertz,76,9,General
16328372,4.25,John S Lawson,4,4,General
4842691,3.63,Biancamaria Bruno,1102,148,General
1016360,3.09,Kristen Skedgell,11,3,General
221521,4.35,Andreas Fischer,137,11,General
8159777,3.67,William Presley,6,2,General
1587915,3.86,Nicholas deB. Katzenbach,44,9,General
4146826,3.51,Judit Neurink,63,5,General
3523746,4.17,Marguerite Bryan,29,4,General
7274001,3.37,Bridgette Sanders,38,5,General
1314757,3.89,Nancy Tupper Ling,288,99,General
7903220,4.20,Bidayatul H.,107,41,General
7048846,4.27,Gunn Birgirsdottir,11,2,General
15192607,3.50,Hannah J. Tidy,283,12,General
10906752,3.15,Meter,13,3,General
6043473,3.00,Lois D. Carlson,1,1,General
427527,3.92,Rick Luttmann,240,38,General
8364636,3.70,xXCrashingXx,60,1,General
11176823,4.67,Seth Styles,3,2,General
535426,4.18,Mark Antonacci,33,7,General
1264531,3.83,Kano Miyamoto,1652,104,General
2933138,2.75,Malgorzata Budzynska,556,2,General
16885069,3.71,John Ripin Miller,1150,118,General
571473,4.12,Pierre-Jean de Beranger,17,2,General
16480152,3.60,Lori Depp,5,2,General
14824927,3.70,Laura Vesanto,33,11,General
14214454,4.13,Andrea M. Alexander,15,10,General
307194,3.96,Astrid Waskowiak,27,3,General
7030884,2.80,Odessa Lasch,75,8,General
6936161,3.87,Igor Kutuzov,77,18,General
374864,3.51,Sarah Challis,1261,190,General
1234234,3.93,Ravi Jain,193,17,General
94777,3.71,Barbara Obermeier,407,19,General
7566621,3.62,Maria Ch Michaela,8,6,General
577344,4.01,Christa Kruger,883,38,General
16997523,4.30,3052 Alan Trustman,10,8,General
7923310,4.40,Marla Bernard,10,3,General
997239,3.32,Joelle Reeder,50,12,General
40704,3.97,Ben Forta,1071,68,General
7255742,3.69,Erin Emerson,68,21,General
146480,3.88,Charlene Spretnak,521,56,General
61541,3.86,Foster Hirsch,438,49,General
4864929,4.40,Jack Holroyd,5,2,General
8036474,3.80,Angel Bales,122,43,General
606711,4.18,Christopher Willard,171,27,General
14955504,4.03,Aria Dove,188,43,General
4091591,3.49,Lili Diallo,39,2,General
3901679,3.87,Kay Carter,162,12,General
817343,3.90,Mary Beth Temple,288,58,General
749984,4.25,Joel Bellassen,4,1,General
273696,3.95,Robert J. Hemming,132,25,General
7438236,4.62,Patsy Whittle,21,3,General
878970,3.50,Dominic Stewart,14,1,General
14263268,5.00,mrzbn bn rstm bn shrwyn,1,1,General
7022425,4.00,Ahmed Abd El Salam,15,4,General
6627427,4.66,Janis Cox,65,53,General
2821754,4.48,Vanessa Knipe,23,10,General
5553139,4.00,Etienne Sesmat,6,1,General
2293132,4.13,H. Gordon Green,23,3,General
298001,4.17,Mark A. McDaniel,3919,489,General
545408,4.22,Michelle Murray,18,8,General
5869996,4.49,Curt Walstead,100,47,General
355002,4.02,Leonard D. Orr,45,6,General
6589083,3.89,Konstantina Kharlabane,79,15,General
1715742,4.00,Marie Cechova,7,1,General
14954605,3.86,Richard Dunk,7,1,General
102181,4.40,Sarah Hornsby,30,3,General
6912903,3.90,derryere,39,9,General
4813284,3.80,"jml `bd lhdy mHmd ms`wd, wf mHmd rf`t",15,3,General
16335669,3.88,Daniel  Rosenberg,25,13,General
7103456,3.00,Irene Vanni,22,7,General
14391862,4.50,Marc E Agronin,4,1,General
6430034,4.50,Pritali Joharapurkar,10,7,General
6439515,4.09,B. Izakov,405,14,General
105279,3.95,Raymond Durgnat,234,17,General
972606,4.00,Dana Allen,6,2,General
16718014,4.33,Olivia Pilar,257,87,General
4423226,3.75,Mirjam Westbroek,8,1,General
7153374,2.84,Laura Granados Majorna,32,4,General
7545162,4.47,S.L. Shelton,1079,128,General
9757222,3.84,Sophia A. Nelson,197,45,General
15161400,4.56,Christopher Tinker,9,3,General
14509112,3.62,Jessica Borges,16,8,General
379024,3.73,Neil deMause,143,21,General
14666574,4.67,I.M. Wang,3,3,General
5001666,3.83,Carla Feeny,60,5,General
2982306,3.85,W.F. Morris,13,7,General
196789,3.66,Entrepreneur Press,568,45,General
5658118,3.79,Louise S. Machinist,24,4,General
56187,3.76,Olivier Pont,307,23,General
8557162,4.36,James G. Skinner,14,11,General
13574733,4.64,Michael  Wiegers,39,4,General
3928947,3.33,Randy Babb,6,2,General
14206031,3.90,David Claire Jennings,21,20,General
16508907,4.00,H.Haluk Erdem,1,1,General
207307,3.78,Peter Der Manuelian,83,10,General
6575256,3.33,hnry dwnn,12,2,General
13496522,4.00,AMB Branding Aija Butler,6,2,General
3095505,3.94,Steve Diamond,181,46,General
5102,3.49,Caitlin Friedman,936,146,General
6555007,4.23,L.M. Steel,65,29,General
3014646,3.33,Asgeir Jonsson,67,5,General
54904,4.49,Carol Inskipp,164,11,General
7981576,2.00,Dirk Drenske,2,1,General
4818885,3.94,Mark Anthony Jarman,192,32,General
14209506,4.00,Joseph Sayibu,4,3,General
7350909,3.41,Grace Lynn,93,31,General
142123,4.64,Lauryn Hill,11,1,General
482510,4.14,Gary E. Larson,7,2,General
1891794,3.53,Amanda Miller,85,19,General
7074684,3.34,Haley Hill,312,86,General
7813756,3.98,Adam Sobel,236,34,General
7928490,4.20,nzr `bd lkrym fySl lkhzrjy,30,4,General
13501698,4.11,Anita Sethi,9,2,General
7150951,3.59,Yvonne Belshaw,17,4,General
3113902,3.55,Ronda Hinrichsen,309,101,General
189350,3.62,William Gilkerson,303,56,General
6764776,3.83,Robert Kennedy III,6,2,General
2899613,4.00,Joie Lesin,2,1,General
160716,3.98,Chris P. Rice,355,34,General
5756062,4.55,Douglas Karlson,11,9,General
21174,4.11,James A. Miller,106,18,General
867830,3.38,Ad Verbrugge,79,7,General
14957200,3.00,Dorota Kielczyk,2,1,General
5823369,3.55,Julian Tepper,77,20,General
5785255,3.88,Henning J. Gundersen,216,23,General
29500,3.54,Valerie Solanas,3096,363,General
12658755,5.00,Yoshimi C Fuqua,2,1,General
5764791,3.60,mshyt `lyy / Mashiat Alaee,5,1,General
16084231,3.27,Ram Kamal Mukherjee,11,6,General
7786025,4.45,Camille Acker,31,6,General
139044,3.94,Allen Weinstein,216,35,General
13810104,4.00,Rita Vidi,1,1,General
3140106,3.80,Doris Schuyler,5,4,General
7074709,4.57,Eleanor  Smith,7,3,General
14430249,4.06,Ava  Reed,687,185,General
2905381,4.09,Dina Kalinovskaia,11,2,General
787070,2.50,Marie Ramsland,4,1,General
948113,3.32,Stephen Fineman,41,5,General
223582,3.86,Eric Duhatschek,138,16,General
432694,4.33,Patricia L. Hudson,55,8,General
357022,3.24,Francis Chalifour,144,28,General
15809231,3.40,Ellena Berga,10,1,General
13984508,3.50,KACST,4,3,General
4639028,4.01,Ayden Sadari,151,16,General
1532555,4.11,Francesco Cesarini,223,13,General
597031,3.25,Diane Leslie,243,33,General
120682,3.57,John Gibb,42,11,General
10088328,5.00,Nikki Christopher,2,2,General
6476200,4.25,Cathrine Bonham,4,3,General
6479714,4.38,Gordana V. Popovic,660,30,General
15524668,3.88,Kate Harvey McGee,202,50,General
232477,3.89,Joolz Denby,531,67,General
443503,3.81,Albert H. Morehead,391,28,General
12006499,5.00,Valerie Clem,3,3,General
4659379,3.65,Bianca Longhi,147,18,General
462678,3.38,Lucy Finn,351,42,General
3034220,4.08,Dirk Shearer,522,64,General
15948517,4.75,Paolo Maini,8,2,General
56342,3.61,Barbara Garland Polikoff,56,12,General
8118599,5.00,William J. Simpson IV,1,1,General
7032814,5.00,Khristo Butsev,2,1,General
52807,3.74,Michael Thornton,103,23,General
5768490,4.49,Michele Woolley,80,8,General
6515224,3.82,Sara Herrera Peralta,84,14,General
7765186,5.00,Emily Suzzane Vinyard,2,1,General
192205,4.38,Cliff Sterrett,39,8,General
8589122,3.62,Rose LaCroix,13,7,General
16370131,4.31,Charles  Ball,108,14,General
8326883,3.80,Raphael Ahad,15,2,General
1525060,4.42,Richard J. Hamilton,205,2,General
4995951,4.22,Christian Aliprandi,1000,27,General
7167450,4.47,Esther Altshul Helfgott,15,5,General
175675,3.77,Jonathan Wilson,673,77,General
340978,3.48,Ricardo Gomez Gil,153,12,General
337748,3.21,John Heebink,322,42,General
449637,3.54,Kevin McGuire,1501,133,General
4515622,4.03,Bienvenido Santos,112,9,General
5834509,3.00,Sergio Melnick,11,2,General
6808621,4.40,Souvik Gupta,10,4,General
8138677,4.18,Pierre Artistta,17,3,General
71994,3.94,Joe Buck,826,113,General
16509138,3.00,M. V. Heberden,1,1,General
43423,4.07,Patton O. Tabors,73,9,General
301045,3.79,Claudio Guillen,56,3,General
15144116,3.36,Zack Andrews,11,3,General
6464401,4.01,Sadanatsu Anda,590,37,General
3021944,4.13,Hsyn`ly hrwy,46,10,General
13553438,3.60,Adriana Pencheva,20,6,General
1853662,4.00,Liao Pin,1,1,General
13833866,2.00,Jaume Castejon Marti,1,1,General
39324,3.70,Dick Gerdes,86,4,General
15422844,4.00,Jose Jacinto Ferreira de Farias,2,1,General
1282953,2.89,Hunter McKown,63,13,General
2102161,4.44,Susanna Lang,16,5,General
15298031,4.86,John Eonwe,7,1,General
14970012,4.00,Kelly Clanton,6,5,General
847595,3.15,Nancy Saunders,549,119,General
14784807,4.41,E.L. Dezmin,17,8,General
10453898,3.57,Elenice Machado de Almeida,28,1,General
15858024,5.00,Phyllis Dillard,2,1,General
6968990,3.52,ymn 'Hmd `zb,428,93,General
219659,3.96,Michael Aaron Rockland,131,25,General
358373,4.25,Margie Walker,185,5,General
15403261,4.77,Jason Carrasco,26,5,General
6260515,3.17,Jon Noble,6,2,General
15223783,3.88,Meghan O'Flynn,553,129,General
647652,4.02,Michele Wood,499,170,General
17137943,5.00,Lina Marcela Ruiz,1,1,General
7092020,4.44,Leigh  Taylor,27,19,General
6245092,4.18,Dionisio Canas,38,2,General
7829823,4.70,Lindsey Bell,97,41,General
6916215,4.33,Karena Marie,248,63,General
3134143,3.86,Sarah Forsyth,1737,116,General
31052,4.39,Nancy Bradfield,113,11,General
4574833,4.08,Zenta Ergle,486,11,General
2341082,3.46,Alex Dryden,1513,202,General
6644060,3.80,Shiwo Komeyama,824,54,General
130944,4.25,Tony Langham,23006,220,General
1715006,3.80,David Neat,5,1,General
4911263,3.57,A. Crossley,104,13,General
4746575,4.12,daawis chaaychaywaanich,178,20,General
491834,4.00,Edmund Newell,16,5,General
8260160,4.00,St. Hessel,13,2,General
4635424,5.00,Vilmos Benczik,1,1,General
346925,3.76,John Francis,820,134,General
1214389,3.88,David L. Tamarin,68,14,General
7963366,3.87,Kevin Meade,15,1,General
260179,3.69,Peter Hodges,26,6,General
14602367,4.00,Christy   Smith,9,3,General
6554485,3.00,James A. Trout,5,1,General
6575562,3.56,Fleur Jeremiah,397,96,General
617265,4.38,David C. Evans,139,11,General
8180012,3.14,Aditya Nw,14,8,General
2928769,4.58,Nagesh Vasudev Gunaji,19,3,General
16968412,4.45,Al Ghazali 'bw Hmd lGzly,106,8,General
5126839,3.50,Milan Pavlovic,200,50,General
726309,4.67,Gerald R. North,6,1,General
74502,3.97,Cathy Thomas,112,20,General
6537986,4.79,Paisley Kirkpatrick,38,6,General
3958713,3.91,Mario Risso,185,13,General
5413477,3.83,Nando Geronimi,6,2,General
6994779,3.50,Michel Lamontagne,18,3,General
3218416,4.00,Joseph Piraino,1,1,General
2015087,3.68,Edward Miguel,328,37,General
294803,4.12,Maud Oakes,43,7,General
6575227,3.25,Joakim Waller,32,7,General
15087553,3.67,jyln khld,3,1,General
1279850,3.90,Keith R. Wyche,78,16,General
4546646,3.74,Matilde Mastrangelo,47,2,General
1815004,3.67,Aida Cartagena Portalatin,24,5,General
402238,4.13,Christopher Dunn,646,49,General
2085612,3.41,John Mayo,97,10,General
249321,4.22,Shawn Lay,18,4,General
824994,3.93,Seth Zimmerman,27,3,General
2975395,4.01,Fatima Andrade,443,68,General
477952,3.73,Hoyt Rogers,284,48,General
5751829,4.64,Dorothee Brill,53,4,General
1416523,3.50,Andrew Whitmore,20,1,General
15637528,3.97,Elle Everton,1887,198,General
7540183,3.96,David   Lamb,78,24,General
14300952,3.50,Matt  Carmichael,10,3,General
4405,3.75,Siobhan Kelly,257,40,General
16418744,2.75,Bozena Bialkowska,4,1,General
3347746,3.44,Maria Noordman,148,18,General
36256,4.07,Peter Forbath,193,26,General
358776,4.14,Ellen S. Shapiro,270,19,General
294833,3.42,Liz Jones,418,61,General
1847651,3.96,Lars Palm,24,4,General
16169019,4.39,smyr@ lkhlyl,18,3,General
932186,3.75,Jane Masterson,4,4,General
79570,3.90,Pala Copeland,87,20,General
3311834,3.57,Pamela Hanlon,7,4,General
7410698,3.30,Yara March,23,14,General
7820161,4.19,Ron Citlau,180,62,General
5824680,3.96,Bruce Bowles,1577,72,General
11573159,4.67,Belton Kuper,3,1,General
15963857,4.83,Noi Rubeo,30,2,General
7793962,4.07,Meg Elison,6425,1020,General
536192,3.78,Andrew L. Erdman,55,14,General
6966249,2.74,mnyr lHyk,38,10,General
150681,3.71,Gamini Salgado,361,37,General
6592358,3.41,Arturs Lielais,22,8,General
861088,3.32,mhwsh qdymy,260,24,General
6964322,3.72,Brenda Sweeney,32,11,General
416882,3.41,Stephen Gundle,88,18,General
564141,3.46,Robert Garson,41,13,General
467546,4.15,Sylvester Monroe,26,2,General
239630,3.66,Leonard Engel,44,10,General
7112637,5.00,Marketa Hlinkova,2,1,General
5396237,3.90,Joseph  Harrington,29,4,General
7392951,3.90,Mel Sterling,365,83,General
6038687,4.37,Angela Doll Carlson,92,23,General
15404837,3.70,Mark Marinovich,43,23,General
7244342,3.80,lyl hwshngy,5,0,General
7145218,3.62,Alia Cruz,37,21,General
743471,3.85,Greg Gordon,79,13,General
3004913,3.44,Karen Steinmetz,59,14,General
6456872,3.43,A.M. Duncan-Kemp,7,2,General
3353725,3.50,Dmitry Rekachevsky,2,1,General
8179717,4.09,Maggie  Brown,485,58,General
6015527,4.43,Francis Gene Collins,21,19,General
14173755,3.41,Dragon-Raptor,17,1,General
321273,3.58,Carl Olson,106,4,General
5468561,4.50,Jezy Ficowski,4,1,General
56528,3.84,Mark Haynes,244,31,General
13923366,4.00,Elisabeth Lau-Henriksen,6,1,General
384647,3.72,Marie F. Mongan,3418,626,General
14826005,4.94,carla fortebracci,16,4,General
5876355,4.00,Mark Jolly,2,2,General
4490369,3.85,SMITH Magazine,20,4,General
5073706,3.84,Francesc Borja Folch Permanyer,224,37,General
8418322,4.07,Blasses Trekhles,15,4,General
7224129,3.91,Hattie Bethan-Yaad,22,14,General
697899,3.44,Roy Carter,39,6,General
638478,3.73,Pat Harper,11,4,General
1268050,4.18,Helen Svensson,68,10,General
4115977,3.93,Longin Jan Okon,41,1,General
8394104,2.94,Juan Carlos Solon,82,22,General
78990,3.87,Richard Register,110,11,General
7059811,4.50,Katrina Karu,6,2,General
5406658,4.00,Alex Sabo,2,1,General
1176549,3.76,Neil Duffield,41,3,General
14429728,3.42,Ella Hart,433,22,General
3433,3.77,Robert Inman,885,129,General
7080618,3.24,Pribadi Prananta,67,7,General
1709134,4.20,Hans-Helmut Decker-Voigt,5,1,General
383815,4.00,Charles Maurras,17,3,General
162797,3.64,Udo Weigelt,382,68,General
14106984,3.97,Elsa Winters,769,162,General
13319082,3.91,J. M. Berger,148,13,General
547932,4.18,Joe Cameron,17,1,General
6457406,3.34,Colleen Werthmann,143,23,General
46711,3.95,Gene Mustain,1709,74,General
7555029,3.85,P.J. Thurbin,883,17,General
4717856,3.68,Youngblood Hawke,37,20,General
17227334,4.07,David  McNally,268,31,General
5396288,3.60,Inti Garcia Santamaria,5,2,General
7493599,3.38,Evelyn Allen  Harper,8,1,General
14845209,4.35,Leanne W. Smith,785,128,General
14817001,3.46,Nemui Asada,67,9,General
563818,4.50,H. Thomas Saylor,8,3,General
1627194,4.64,Ronald Richards,14,3,General
165460,3.80,Jorge Posada,233,42,General
16601654,4.54,M.K. Clark,28,9,General
2901520,3.86,Noah Karrasch,21,2,General
14907120,3.94,Jaycie Morrison,54,24,General
15369001,3.75,mHmdqsm SlH rmsry,4,2,General
16207778,3.00,Evgenii Izotov,6,1,General
5820017,4.06,Pasquale Ruggiero,68,7,General
7044053,2.25,Takes Georgiou,4,3,General
487840,3.67,Susan Aylsworth Murwin,6,1,General
5708085,3.69,Penfield Press,26,1,General
7031528,4.17,Fuat Dundar,6,1,General
8383767,4.00,Nik D'iu,2,1,General
7204776,3.95,Rich Douek,98,13,General
657557,3.81,Oliver Bleeck,446,32,General
5128816,3.65,Floris Van Den Berg,74,7,General
5001654,4.09,J.H. Trumble,6380,926,General
7825736,3.78,Ivan Kotliarevsky,516,12,General
347207,2.95,Annette Roome,37,10,General
15865942,4.53,Sabra Chebby,15,5,General
179793,3.83,Nina Lesowitz,441,68,General
16483279,3.00,thbt jrjs qSyjy,1,1,General
15930787,3.94,Nitin Tewari,34,25,General
15286368,3.69,Pol Trembli,54,20,General
1190435,4.17,Paule Petitier,12,1,General
1184502,4.43,myrz `ly khbr Sbr,28,4,General
14529794,4.00,Carl-Jan Granqvist,1,1,General
8446202,3.98,L.D. Silver,40,11,General
7163372,3.91,Anna Domino,22,4,General
4902718,4.67,Daniel Rekshan,15,4,General
2935948,3.31,`Sm `bd lftH,887,133,General
7191438,4.40,Shinta Fujimoto,81,20,General
144500,3.80,Suzanne Bernard,30,5,General
179801,3.64,Naief Yehya,132,17,General
69121,4.00,Peter Cochran,24,4,General
16458453,2.00,Dora Panagiotidou,1,1,General
288223,3.35,Eleanor Rees,66,12,General
14545962,3.00,smy@ mHsn l`mwdy,15,8,General
6913476,3.42,mlk nSr,40,6,General
13755077,2.43,Kyrah Lien,7,1,General
15179656,5.00,Evangelita Goodwell,6,4,General
14158663,4.40,E. Abernathy,40,15,General
2666834,3.25,Theo Bain,4,2,General
527133,3.81,Judson Rosengrant,1174,114,General
8510132,4.00,Tara Millette,1,1,General
2952004,4.76,Katie Halsey,45,3,General
3257780,3.80,Kathy Gray,5,4,General
8224674,2.80,Jari Litmanen,143,17,General
4520210,3.50,Line Baugsto,54,7,General
7122656,3.63,John  Meany,190,58,General
3205088,3.11,Julianna Fields,9,4,General
17212449,2.00,Ruta Zunde,1,1,General
254165,4.00,Carol Kendrick,1,1,General
639712,4.10,Moshe Perlmann,29,4,General
1264840,4.00,Clarence D. Wiseman,3,1,General
801728,3.27,John Anthony,74,13,General
5812982,3.65,Arsy Vartanian,561,48,General
103668,3.86,Julie S. Bach,36,5,General
452319,3.98,Steven Zmijewsky,40,2,General
4474190,4.15,Mike  Williams,75,9,General
222058,4.22,Patrick Grim,299,36,General
378572,4.33,John P.C. Matthews,6,1,General
7095415,4.00,Rich Bloomquist,101225,2126,General
1671,3.73,Richard Hunter,240,24,General
569952,4.06,David A. Szulkin,53,4,General
99343,3.78,Douglas K. Smith,793,44,General
7560698,3.49,Daniel Amos,151,10,General
6037246,3.05,Heather J. Pardon,55,11,General
7708657,3.67,Theo Festen,3,1,General
9800542,3.95,Labodalih Sembiring,1132,213,General
5869263,4.33,Raffael De Gruttola,15,5,General
959295,4.32,C.M. Stewart,25,9,General
114230,3.80,Michael Springer,10,7,General
7789282,3.62,thecouchcarrot,50,5,General
331883,3.72,Kay Marshall Strom,1355,178,General
6568345,5.00,Luca Ferrua,1,1,General
24361,3.76,Virginia Lee Barnes,537,51,General
13865208,4.31,Sam Farren,781,97,General
5827096,4.30,J.T. Hartke,192,37,General
6436926,4.14,Frank   Roberts,7,1,General
5768097,4.09,Vinny O'Hare,54,15,General
6966493,3.96,Vojko Plovanic,163,20,General
4500545,3.22,Vikas Bansal,18,6,General
15144622,4.19,Jo SiMalaya Alcampo,16,6,General
6873847,3.80,Kimberly D,5,2,General
13499645,4.50,amei,2,1,General
4480750,3.67,Rob  Graham,9,3,General
16258439,4.00,Kenjiro Kakikmoto,1,1,General
962491,4.01,Jeanne Desy,375,25,General
8303619,4.46,Jason Loo,128,29,General
824163,4.35,Thea Alexander,598,56,General
4687910,3.99,Carlomar Arcangel Daoana,78,13,General
5457511,3.71,Susan  Cartwright,361,87,General
1576370,3.00,John Cammarata,2,1,General
15236246,3.62,Amber Mitchell,631,127,General
6526512,5.00,Harvey Merriam,1,1,General
14613345,3.41,Kieron Murray,17,9,General
6588762,3.20,Ioanna Anastase,5,1,General
17232366,5.00,O.Sukhbaatar \orchuulagch\,1,1,General
6176954,3.64,Frank Swain,197,39,General
13622313,4.83,C.C. Dowling,23,6,General
3363347,4.00,Monica L. Wright,1,1,General
14389335,3.60,Tyra Brown,448,65,General
3408654,3.82,Powerhouse Museum,22,0,General
441800,4.03,Brian J. Gough,35,6,General
2680888,3.95,Ilke S. Prick,44,6,General
3481963,4.00,Wilfredo Miguez,1,1,General
5146375,3.67,Gwen Ringwood,18,2,General
7240407,4.66,Skadi Winter,41,22,General
4369141,3.83,Nataly Kelly,466,68,General
13975528,4.00,Erik Mauritzson,62,11,General
201190,4.33,Nancy Mackenzie,3,2,General
494389,3.94,Clive Cazeaux,470,35,General
5543376,3.33,John Didion,9,1,General
133192,4.09,Volker Nolte,89,10,General
8391380,5.00,V. Lakshmikanthan,2,1,General
4829503,4.29,Noriyuki Abe,76,2,General
4895068,5.00,Mary J. Lockwood,1,1,General
7797148,2.50,"Ho, John",4,1,General
7236669,3.64,Thierry Lhermitte,22,3,General
14691282,3.00,Zdenek Rehak,4,1,General
735284,1.00,Eleanor Brewster,2,1,General
7068649,5.00,Steven G. Meeks,4,3,General
8434612,3.93,Jael Friese,14,10,General
933065,3.64,Brangien Davis,131,30,General
13462317,4.55,Ozcan Bostanci,11,1,General
121329,3.82,Pierre Bergounioux,88,8,General
328809,4.16,Beth Hilgartner,2339,202,General
2775036,3.85,Tim Benson,46,5,General
413943,4.00,Tom Schwartz,309,48,General
6878537,2.50,rwdrk m.tshyzhwlm,2,1,General
494245,3.89,Bill Buxton,2073,80,General
311004,4.10,Eric Lipton,97,10,General
15034432,4.45,Elizabeth Di Grazia,11,3,General
5097781,4.08,Aylia Ryvelt,12,3,General
641013,4.58,Norval Morrisseau,33,7,General
740522,3.14,Ahmed Alaidy,2643,508,General
3424299,4.25,Markus Dittrich,8,3,General
15179123,4.37,Elizabeth Heaney,164,24,General
7280208,3.92,Ruchi Mhasane,40,7,General
4781619,3.97,Katie Matthews,359,25,General
8366224,4.00,Carl Lobozza,1,1,General
116493,3.97,Henri-Jean Martin,179,22,General
6917889,3.65,'brhym `bd lmjyd,31,4,General
67876,4.25,Augusto Boal,1531,72,General
15450601,4.22,Henriette Boot,9,2,General
147636,3.59,Walter L. Arnstein,311,26,General
3006748,3.30,Berwick Coates,100,23,General
14619782,3.31,mrym l`fd lmnSwry,318,37,General
1040995,3.68,Jordan Wagman,19,9,General
7791851,3.37,Tamara Wendel,73,9,General
13941020,3.76,G.A. Ponsonby,38,6,General
8533223,5.00,Carl Munck,1,1,General
2776784,4.28,Jackie McDonnell,53,7,General
7101640,4.45,Nikos-Alexes Aslanoglou,38,1,General
1011112,3.48,Steven Kurutz,48,11,General
34652,4.02,Jeremy Foster,600,48,General
1332968,3.45,khwl@ drwysh,11,4,General
6435497,4.08,Mika Hallor,26,2,General
5097386,2.00,`ly ldrwr@,2,2,General
16312430,4.26,Gwen Marshall,66,37,General
2055784,3.80,rychrdhnry ppkhyn,5,2,General
226047,3.78,William R. Wilson,9,1,General
17122054,2.00,Edinburgh Ladies' New Anti-Slavery Association,1,1,General
6588485,4.29,Karma Yeshe Rabgye,42,4,General
572904,4.33,Marie-Pierre Colle,272,36,General
6523900,3.35,Michele Boyd,23,4,General
15111549,4.20,Avery Brown,5,3,General
401525,3.66,Ian Jukes,186,33,General
7453129,3.69,thepinupchemist,97,8,General
15303036,4.67,Percy Makhuba,6,3,General
457622,4.52,Yousuf Karsh,125,8,General
14030928,4.00,Patricia Joce,1,1,General
4407866,4.00,Shelly Draven,9,6,General
1045457,3.67,Nicole Roethel,3,2,General
130068,3.45,Kevin Droney,91,13,General
5396091,3.69,`ly `mr bdHdH,350,39,General
560729,4.00,Meinhard Saremba,5,1,General
487613,3.66,Des Dillon,238,36,General
713979,3.89,Gonzalo Celorio,593,30,General
1576143,4.02,Catherine Wilkins,241,29,General
3125483,3.83,Stephen Haynes,227,30,General
356016,3.84,Sandra J. Judd,19,3,General
1042465,3.52,Shashi Warrier,200,38,General
363379,3.28,Terry Prone,64,7,General
9761794,3.78,David Eugene Ray,51,10,General
3893844,4.06,Jeffrey L. Ward,125,10,General
7764141,3.75,Irene Iarocci,16,3,General
8391175,4.17,Gregorio Luri,18,4,General
7837491,4.09,I Cenizal,87,9,General
505012,4.43,Harold Billings,46,4,General
8408656,4.33,Nicolas Wydmer,3,3,General
3225251,3.67,Rita Da Costa,80,14,General
88647,3.83,Mawi Asgedom,1840,310,General
1453679,4.00,"Thomas E., and Sholes, Elizabeth C. Leary",3,1,General
443928,3.58,Shannon Stewart,19,6,General
1282938,3.39,Lynn Biederman,534,108,General
1062006,4.10,Andrew Noble,20,3,General
7369061,4.00,Alex    Jones,7,4,General
5819388,4.20,Dave    King,4633,642,General
216968,3.33,Prema Nandakumar,3,1,General
6444960,2.75,Ania Skliar,8,3,General
37406,4.06,Lancelot Hogben,199,28,General
2520161,3.86,M.K. Ed. Brenner,14,1,General
455958,3.69,Anthony Bunko,188,25,General
2815630,3.76,Nicole Vittiglio,119,26,General
3173280,4.43,Lara Konesky,14,3,General
133050,3.92,Gordon Volke,119,8,General
7469420,5.00,Holly Chervnsik,2,1,General
6560746,4.12,Ernest Gaines,634,17,General
2875,4.14,John McCluskey,608,14,General
5806471,3.94,Kartika Sofyan,94,42,General
3400616,3.91,Jennifer Vido,22,4,General
3096607,3.44,Marie Louise Rudolfsson,238,7,General
6225048,3.60,Ahmad Junaidi,5,3,General
465831,3.95,Leonardo De Chirico,41,9,General
4438173,0.0,Mae Basom,0,1,General
6353275,4.00,Sara Ferri,3,3,General
14165722,3.05,Jaroslava Cerna,22,6,General
4595357,3.82,Lenka Uhlirova,121,18,General
4903157,3.98,Vaino Tonisson,62,3,General
14100144,5.00,B. Derone Robinson,1,1,General
6572953,3.81,Nancy LaRonda Johnson,21,19,General
184861,4.29,Greg Crowfoot,17,4,General
6552813,3.40,sm`yl shygn,25,4,General
5416356,4.00,`bd llh bn Dyf llh lrHyly,40,7,General
148384,4.03,Mark Danner,1274,117,General
14115034,3.76,Priyanka Lal,17,7,General
6623650,3.64,Alex  Crawford,70,12,General
5138796,3.50,Kenneth R. Szulczyk,12,3,General
5290774,4.36,Giorgio Kraiski,113,12,General
5509386,4.15,B.D. Benedikt,694,15,General
5938311,4.08,Adam Alexander Haviaras,372,19,General
13573655,4.82,Steve Gabany,11,6,General
158758,3.79,Natalie Rathvon,52,8,General
6470374,4.75,Raji Singh,4,3,General
14244024,4.73,Craig  Roberts,11,6,General
5415830,3.75,Caroline Clemens,12,6,General
660161,4.11,Pablo Urbanyi,85,19,General
4437791,3.42,Tim Bradsheet,91,7,General
7094913,3.87,Aggelike Tatane,79,2,General
167310,3.96,Ram Swarup,68,5,General
6591212,5.00,jeongseongmug,1,1,General
7048646,4.21,Afiq Muiz,29,7,General
13856245,4.07,Beth McRae,248,28,General
14177629,2.00,sdt mHmd`ly,2,1,General
7073972,4.67,R. Jean Mathieu,12,6,General
5276255,4.07,Alex Mir,15,3,General
5168721,4.23,Rick  Barry,366,160,General
285569,4.22,Rebecca Milne,9,1,General
4629273,3.77,Carl Mesterton,227,14,General
6566350,4.10,Joy Fowler,319,51,General
4453395,3.50,BoredTech,10,4,General
3073258,3.57,Justin Cutroni,140,13,General
7024904,3.86,John  Warren,399,30,General
15401942,4.42,Joshua McFadden,105,23,General
442641,4.61,Fred Dahlinger Jr.,75,10,General
7267598,3.00,Y.M. Johnson,1,1,General
8034933,4.07,Hannah Brencher,964,221,General
4527267,3.00,Adam Ray,4,1,General
108832,3.63,Daniel J. Flynn,254,38,General
9815137,3.42,Yuriy Mamleev,370,29,General
338227,3.94,Robin Jones,148,31,General
8331231,5.00,"AYUBI, Weda",2,2,General
36871,3.92,Greg Scheer,72,17,General
8144351,4.01,Andriy Lyubka,296,27,General
348042,4.36,Hiran Martin Chittenden,11,2,General
96897,3.91,Thomas Baldwin,306,29,General
6924301,3.62,lady_ragnell,266,40,General
7797928,3.79,K. Kibbee,107,60,General
224594,3.98,Nancy Tuana,127,10,General
6030251,3.00,Papa Rolly,1,1,General
6852255,4.28,Ken Shigematsu,206,58,General
183021,4.18,Janice Mirikitani,127,8,General
993113,4.24,Michelle Klein,17,4,General
6950393,2.00,fTm@ lmrs~,2,1,General
7115094,4.00,Vira Luthfia Annisa,6,1,General
2759251,3.92,Tom Verducci,7467,507,General
3147458,5.00,Cindy L. Allen,1,1,General
380093,3.67,David John Lu,51,4,General
6562323,4.02,Dong Hai Dao Zhong Xi Li Mao,425,18,General
13738495,2.95,Fons Dellen,19,2,General
12850977,4.00,Kaktus,1,1,General
14977794,3.67,David Furse-Roberts,3,1,General
5537003,3.37,Julia Ortega,89,23,General
1925748,3.86,G.B. Singh,22,2,General
510224,3.44,Tami Parrington,25,8,General
4936274,3.07,Juan Pablo Morales,14,3,General
131872,3.53,Anil Minocha MD; FACP; FACG,68,13,General
7406701,4.50,James  Glass,20,8,General
14154249,3.66,Pavel Stefan,184,6,General
8191203,3.69,William  Henry,16,1,General
6456251,3.50,Elizabeth Mazer,6,4,General
29928,3.89,James Watkins,80,7,General
3880609,3.98,Dana Bowman,403,50,General
8471918,4.55,Lois Karlin,11,7,General
445176,4.09,Amy-Jane Beer,32,9,General
15416399,4.33,Lukas Prokop,12,3,General
16226563,4.17,Melissa E. Beckwith,40,18,General
11215405,3.40,Jezebel Divelle,248,30,General
5736892,4.02,Nankotsu Misakura,57,5,General
371427,3.85,William L. Rowe,191,12,General
7235754,2.96,ndy@ Zfr lshhry,26,4,General
1022978,3.36,Frances McCue,587,106,General
50987,3.75,L. Brent Bozell III,72,12,General
337712,2.80,Georgy Egorov,84,9,General
4646026,4.14,Jung-Hoo Moon,140,14,General
12967889,3.47,HmdHsyn shryfy,132,6,General
17240108,3.00,H. J. van den Bergh,1,1,General
14056765,2.98,Amy Reid,43,14,General
5798324,4.10,William Bragg Ewald Jr.,30,5,General
4093892,3.00,Virginie Betruger,6,2,General
8271704,5.00,R S Deese,1,1,General
13725759,3.33,Marianne Mattson,9,2,General
250648,3.87,Lori Dorfman,23,5,General
4113184,3.30,Lucille Wallace,10,2,General
3967628,4.47,Joanne Tomasulo,15,2,General
2987301,3.20,Emma Gabor,10,5,General
2984044,4.53,Rosamund Cox,66,11,General
1716584,4.08,Jean Mumper,13,1,General
8110687,2.00,mHmd jbr Hmyd@,1,1,General
7371895,4.03,T.K. Harris,32,16,General
16955567,5.00,Shalamar Parrish,3,1,General
9831865,3.87,Jeffrey M. Anderson,46,24,General
5296846,2.75,Vivien Thiessen,4,1,General
13734114,4.22,Jessamyn Waldman Rodriguez,146,28,General
5813438,3.86,Ted Starkey,42,6,General
923148,3.85,Sandra Principe,54,11,General
4875841,3.91,Patricia H. Graham,127,22,General
487105,3.66,Diana Montane,934,153,General
4688589,3.77,Gregory Robinson-Riegler,40,6,General
969513,3.82,Laura L. Frader,11,1,General
7571610,4.15,Rhyannon,13,5,General
321299,3.58,Beverly A. Potter,211,26,General
1895115,3.63,Benny Rhamdani,217,29,General
8499090,3.66,Joaquin Canizares,35,6,General
8331955,3.73,Isis Kelly,62,9,General
4380944,4.00,Maria van Daalen,4,1,General
1480128,4.00,Albert Mroz,2,2,General
14887976,4.67,Aman Agarwal,3,1,General
147089,3.44,Todd Pruzan,302,62,General
925225,3.60,Billy Romp,712,137,General
15628780,4.00,Bryan Ney,12,11,General
13556674,1.25,Paco Santamaria,4,1,General
15599191,4.20,Tom E. Moffatt,20,9,General
1302603,3.70,David Farley,321,86,General
13647921,3.50,Jessica Iatarola,2,2,General
229260,3.83,Angella Ricot,18,8,General
14198106,4.29,Melissa Delgado,7,2,General
1598201,3.55,Barbara Frale,412,65,General
269186,2.98,James  Dean,43,8,General
44947,4.00,Tweed Conrad,7,1,General
310925,3.05,Joe Beck,20,4,General
8511648,4.47,Miriam Klein Stahl,2608,504,General
3367836,3.54,Dave Zobel,52,15,General
269610,3.85,Lou Kassem,342,40,General
14583360,3.72,R.  Harrison,18,15,General
168372,4.16,Octave Levenspiel,170,9,General
386241,3.67,Karen Dubinsky,40,8,General
624253,4.10,Doug Abrams,216,18,General
411100,3.95,David Bullock,227,23,General
15081942,2.00,Mose Khoneli,1,1,General
6857343,3.90,Justin Mermelstein,59,8,General
3005962,4.59,Louise Norlie,32,4,General
445132,4.04,Judith A. Barad,1770,47,General
5778177,4.05,Emily C. Skaftun,264,52,General
215891,3.94,Jose Munoz Millanes,101,8,General
8281163,3.75,Lev Khromov,4,1,General
359872,3.69,Lizzie Williams,78,9,General
225222,4.31,Drollene P. Brown,36,11,General
7578445,3.75,Beulah Morgan,4,1,General
14876439,3.75,Jenny Rief,4,2,General
4735632,3.41,Leslie Tyron,27,8,General
8057120,3.25,Jorma Peiponen,8,2,General
469442,3.79,Tracy Thompson,666,111,General
4540027,3.99,Vera Landry,93,22,General
5380389,4.06,Frank Hoifodt,65,7,General
5472872,3.93,Pierre-Henry Salfati,14,1,General
15081531,3.87,Asha Gomez,55,11,General
8203175,4.37,Jessie Magana,41,7,General
14215292,4.13,Erin Cossar,505,109,General
7161894,4.17,Rauli Partanen,64,11,General
14399659,4.00,I. Bragantini,1,1,General
3293275,3.64,Frances Liardet,343,33,General
2896824,3.50,Sascha Michel,8,2,General
4421872,3.30,Pat Gragg,427,20,General
324721,4.32,Alcuin Reid,119,16,General
1519210,3.00,Christian Comeliau,2,1,General
1401657,4.50,Kaite O'Reilly,12,2,General
3321858,4.00,Marly Rodrigues,1,1,General
